# Blender 4.2.4 LTS
# www.blender.org
mtllib Ship.mtl
g Circle_Circle
v 0.118115 0.256393 5.125072
v 0.061974 0.233139 5.125072
v 0.038719 0.176997 5.125072
v 0.061974 0.120856 5.125072
v 0.118115 0.097601 5.125072
v 0.174256 0.120856 5.125072
v 0.197511 0.176997 5.125072
v 0.174256 0.233139 5.125072
v 0.061974 0.233139 5.271068
v 0.118115 0.256393 5.271068
v 0.038719 0.176997 5.271068
v 0.061974 0.120856 5.271068
v 0.118115 0.097601 5.271068
v 0.174256 0.120856 5.271068
v 0.197511 0.176997 5.271068
v 0.174256 0.233139 5.271068
v 0.076856 0.218256 5.360867
v 0.118115 0.235346 5.360867
v 0.059766 0.176997 5.360867
v 0.076856 0.135738 5.360867
v 0.118115 0.118648 5.360867
v 0.159374 0.135738 5.360867
v 0.176464 0.176997 5.360867
v 0.159374 0.218256 5.360867
v 0.096176 0.198937 5.830209
v 0.118115 0.208024 5.830209
v 0.087088 0.176997 5.830209
v 0.096176 0.155058 5.830209
v 0.118115 0.145970 5.830209
v 0.140054 0.155058 5.830209
v 0.149142 0.176997 5.830209
v 0.140054 0.198937 5.830209
v 0.118115 0.140622 -5.067329
v 0.161100 0.122817 -5.067329
v 0.178905 0.079831 -5.067329
v 0.161100 0.036846 -5.067329
v 0.118115 0.019041 -5.067329
v 0.075130 0.036846 -5.067329
v 0.057325 0.079831 -5.067329
v 0.075130 0.122817 -5.067329
v 0.161100 0.122817 -5.179112
v 0.118115 0.140622 -5.179112
v 0.178905 0.079831 -5.179112
v 0.161100 0.036846 -5.179112
v 0.118115 0.019041 -5.179112
v 0.075130 0.036846 -5.179112
v 0.057325 0.079831 -5.179112
v 0.075130 0.122817 -5.179112
v 0.149706 0.111422 -5.247868
v 0.118115 0.124507 -5.247868
v 0.162791 0.079831 -5.247868
v 0.149706 0.048241 -5.247868
v 0.118115 0.035156 -5.247868
v 0.086525 0.048241 -5.247868
v 0.073439 0.079831 -5.247868
v 0.086525 0.111422 -5.247868
v 0.134913 0.096630 -5.607226
v 0.118115 0.103588 -5.607226
v 0.141871 0.079831 -5.607226
v 0.134913 0.063033 -5.607226
v 0.118115 0.056075 -5.607226
v 0.101317 0.063033 -5.607226
v 0.094359 0.079831 -5.607226
v 0.101317 0.096630 -5.607226
v 0.118115 0.332528 -3.117124
v 0.171545 0.310397 -3.117124
v 0.193676 0.256967 -3.117124
v 0.171545 0.203538 -3.117124
v 0.118115 0.181406 -3.117124
v 0.064686 0.203538 -3.117124
v 0.042554 0.256967 -3.117124
v 0.064686 0.310397 -3.117124
v 0.171545 0.310397 -3.256067
v 0.118115 0.332528 -3.256067
v 0.193676 0.256967 -3.256067
v 0.171545 0.203538 -3.256067
v 0.118115 0.181406 -3.256067
v 0.064686 0.203538 -3.256067
v 0.042554 0.256967 -3.256067
v 0.064686 0.310397 -3.256067
v 0.157381 0.296233 -3.341528
v 0.118115 0.312498 -3.341528
v 0.173646 0.256967 -3.341528
v 0.157381 0.217701 -3.341528
v 0.118115 0.201437 -3.341528
v 0.078849 0.217701 -3.341528
v 0.062584 0.256967 -3.341528
v 0.078849 0.296233 -3.341528
v 0.138995 0.277847 -3.788199
v 0.118115 0.286495 -3.788199
v 0.147643 0.256967 -3.788199
v 0.138995 0.236087 -3.788199
v 0.118115 0.227439 -3.788199
v 0.097235 0.236087 -3.788199
v 0.088587 0.256967 -3.788199
v 0.097235 0.277847 -3.788199
v -0.118115 0.256393 5.125072
v -0.061974 0.233139 5.125072
v -0.038719 0.176997 5.125072
v -0.061974 0.120856 5.125072
v -0.118115 0.097601 5.125072
v -0.174256 0.120856 5.125072
v -0.197511 0.176997 5.125072
v -0.174256 0.233139 5.125072
v -0.061974 0.233139 5.271068
v -0.118115 0.256393 5.271068
v -0.038719 0.176997 5.271068
v -0.061974 0.120856 5.271068
v -0.118115 0.097601 5.271068
v -0.174256 0.120856 5.271068
v -0.197511 0.176997 5.271068
v -0.174256 0.233139 5.271068
v -0.076856 0.218256 5.360867
v -0.118115 0.235346 5.360867
v -0.059766 0.176997 5.360867
v -0.076856 0.135738 5.360867
v -0.118115 0.118648 5.360867
v -0.159374 0.135738 5.360867
v -0.176464 0.176997 5.360867
v -0.159374 0.218256 5.360867
v -0.096176 0.198937 5.830209
v -0.118115 0.208024 5.830209
v -0.087088 0.176997 5.830209
v -0.096176 0.155058 5.830209
v -0.118115 0.145970 5.830209
v -0.140054 0.155058 5.830209
v -0.149142 0.176997 5.830209
v -0.140054 0.198937 5.830209
v -0.118115 0.140622 -5.067329
v -0.161100 0.122817 -5.067329
v -0.178905 0.079831 -5.067329
v -0.161100 0.036846 -5.067329
v -0.118115 0.019041 -5.067329
v -0.075130 0.036846 -5.067329
v -0.057325 0.079831 -5.067329
v -0.075130 0.122817 -5.067329
v -0.161100 0.122817 -5.179112
v -0.118115 0.140622 -5.179112
v -0.178905 0.079831 -5.179112
v -0.161100 0.036846 -5.179112
v -0.118115 0.019041 -5.179112
v -0.075130 0.036846 -5.179112
v -0.057325 0.079831 -5.179112
v -0.075130 0.122817 -5.179112
v -0.149706 0.111422 -5.247868
v -0.118115 0.124507 -5.247868
v -0.162791 0.079831 -5.247868
v -0.149706 0.048241 -5.247868
v -0.118115 0.035156 -5.247868
v -0.086525 0.048241 -5.247868
v -0.073439 0.079831 -5.247868
v -0.086525 0.111422 -5.247868
v -0.134913 0.096630 -5.607226
v -0.118115 0.103588 -5.607226
v -0.141871 0.079831 -5.607226
v -0.134913 0.063033 -5.607226
v -0.118115 0.056075 -5.607226
v -0.101317 0.063033 -5.607226
v -0.094359 0.079831 -5.607226
v -0.101317 0.096630 -5.607226
v -0.118115 0.332528 -3.117124
v -0.171545 0.310397 -3.117124
v -0.193676 0.256967 -3.117124
v -0.171545 0.203538 -3.117124
v -0.118115 0.181406 -3.117124
v -0.064686 0.203538 -3.117124
v -0.042554 0.256967 -3.117124
v -0.064686 0.310397 -3.117124
v -0.171545 0.310397 -3.256067
v -0.118115 0.332528 -3.256067
v -0.193676 0.256967 -3.256067
v -0.171545 0.203538 -3.256067
v -0.118115 0.181406 -3.256067
v -0.064686 0.203538 -3.256067
v -0.042554 0.256967 -3.256067
v -0.064686 0.310397 -3.256067
v -0.157381 0.296233 -3.341528
v -0.118115 0.312498 -3.341528
v -0.173646 0.256967 -3.341528
v -0.157381 0.217701 -3.341528
v -0.118115 0.201437 -3.341528
v -0.078849 0.217701 -3.341528
v -0.062584 0.256967 -3.341528
v -0.078849 0.296233 -3.341528
v -0.138995 0.277847 -3.788199
v -0.118115 0.286495 -3.788199
v -0.147643 0.256967 -3.788199
v -0.138995 0.236087 -3.788199
v -0.118115 0.227439 -3.788199
v -0.097235 0.236087 -3.788199
v -0.088587 0.256967 -3.788199
v -0.097235 0.277847 -3.788199
v -0.137848 -0.000001 -6.888299
v -0.001098 -0.993360 -5.944404
v -0.137848 0.181145 7.221986
v -0.164318 -0.999700 6.276940
v -0.001098 -0.993360 -5.391755
v -0.001098 -0.993360 -3.847291
v -0.001098 -0.993360 -2.302828
v -0.001098 -0.993360 -0.758364
v -0.001098 -0.993360 0.786099
v -0.001098 -0.993360 2.330563
v -0.001098 -0.993360 3.875026
v -0.332047 -0.995900 5.609396
v -0.693763 0.000000 5.444156
v -0.973662 0.000000 3.907628
v -1.000000 0.000000 2.352033
v -1.127767 0.000000 0.796437
v -1.127767 -0.000000 -0.759159
v -1.000000 -0.000000 -2.314754
v -0.973662 -0.000000 -3.870350
v -0.693763 -0.000000 -5.425945
v 0.000000 -1.000000 -6.094459
v 0.000000 0.181145 7.333867
v 0.000000 -1.000000 6.462467
v 0.000000 -0.000001 -7.000180
v 0.000000 -1.000000 -5.425945
v 0.000000 -1.000000 -3.870350
v 0.000000 -1.000000 -2.314754
v 0.000000 -1.000000 -0.759159
v 0.000000 -1.000000 0.796437
v 0.000000 -1.000000 2.352033
v 0.000000 -1.000000 3.907628
v 0.000000 -1.000000 5.463223
v 0.000000 -0.000000 -5.425945
v 0.000000 -0.000000 -3.870350
v 0.000000 -0.000000 -2.314754
v 0.000000 -0.000000 -0.759159
v 0.000000 0.000000 0.796437
v 0.000000 0.000000 2.352033
v 0.000000 0.000000 3.907628
v 0.000000 0.000000 5.444156
v -0.126282 -0.499999 6.630884
v -0.126282 -0.500000 -6.578447
v -0.706932 -0.500000 5.463223
v -0.986831 -0.500000 3.907628
v -1.000000 -0.500000 2.352033
v -1.063883 -0.500000 0.796437
v -1.063883 -0.500000 -0.759159
v -1.000000 -0.500000 -2.314754
v -0.986831 -0.500000 -3.870350
v -0.706932 -0.500000 -5.425945
v 0.000000 -0.500000 -6.690328
v 0.000000 -0.499999 6.742764
v -0.485751 -0.997760 5.799705
v -0.547222 0.096507 6.488586
v 0.000000 -1.000000 5.973046
v 0.000000 0.096507 6.545668
v -0.547771 -0.500000 6.058974
v -0.137848 0.181145 7.221986
v 0.000000 0.181145 7.333867
v -0.693763 -0.000000 -5.425945
v -0.137848 -0.000001 -6.888299
v -0.547222 0.096507 6.488586
v -0.693763 0.000000 5.444156
v -0.973662 0.000000 3.907628
v -1.000000 0.000000 2.352033
v -1.127767 0.000000 0.796437
v -1.127767 -0.000000 -0.759159
v -1.000000 -0.000000 -2.314754
v -0.973662 -0.000000 -3.870350
v 0.000000 0.000000 3.907628
v 0.000000 -0.000001 -7.000180
v 0.000000 0.000000 5.444156
v 0.000000 0.000000 2.352033
v 0.000000 0.000000 0.796437
v 0.000000 -0.000000 -0.759159
v 0.000000 -0.000000 -2.314754
v 0.000000 -0.000000 -3.870350
v 0.000000 -0.000000 -5.425945
v 0.000000 0.096507 6.545668
v -0.858137 -0.097308 -5.423603
v 0.000000 -0.097308 -5.423603
v -1.138035 -0.097308 -3.868008
v 0.000000 -0.097308 -3.868008
v -1.164373 -0.097308 -2.312412
v 0.000000 -0.097308 -2.312412
v -1.292140 -0.097308 -0.756817
v 0.000000 -0.097308 -0.756816
v -1.292140 -0.097308 0.798779
v 0.000000 -0.097308 0.798779
v -1.164373 -0.097308 2.354375
v 0.000000 -0.097308 2.354375
v -1.138035 -0.097308 3.909970
v 0.000000 -0.097308 3.909970
v -0.858137 -0.097308 5.446498
v 0.000000 -0.097308 5.446498
v 0.000000 -0.097309 -6.997838
v 0.000000 -0.000801 6.548010
v 0.000000 0.083838 7.336209
v -0.711596 -0.000801 6.490928
v -0.302222 0.083838 7.224329
v -0.302222 -0.097309 -6.885957
v -1.164373 -0.097308 -2.312412
v 0.000000 -0.097308 -2.312412
v -1.292140 -0.097308 -0.756817
v 0.000000 -0.097308 -0.756816
v -1.292140 -0.097308 0.798779
v 0.000000 -0.097308 0.798779
v 0.000000 -0.097308 -0.086859
v -0.648543 -0.097308 -0.086859
v -0.624494 -0.097308 -0.675647
v -0.606332 -0.097308 -1.272567
v 0.000000 0.262568 -0.086859
v -0.624494 -0.097308 -0.675647
v -0.624494 0.262568 -0.675647
v -0.255479 -0.097308 -1.594317
v 0.000000 -0.097308 -1.594317
v 0.000000 -0.097308 -0.086859
v -0.648543 -0.097308 -0.086859
v 0.000000 0.262568 -0.086859
v -0.635351 0.253195 -0.033541
v 0.000000 -0.060664 0.210674
v -0.582506 -0.060664 0.210674
v 0.000000 0.225925 0.210674
v -0.603098 0.235298 0.068262
v -0.624494 0.262568 -0.675647
v -0.648543 0.262568 -0.086859
v -0.648543 0.262568 -0.086859
v -0.054135 0.253195 -0.033541
v -0.054135 0.235298 0.068262
v -0.582506 0.225925 0.210674
v 0.000000 0.267909 -1.594317
v -0.248976 0.267909 -1.577605
v 0.000000 0.267909 -0.086859
v 0.000000 0.267909 -0.675647
v 0.000000 0.267909 -1.272567
v -0.631135 0.267909 -0.103570
v -0.589843 0.267909 -1.265014
v -0.607793 0.267909 -0.675052
v -0.016712 0.272206 -1.272567
v 0.000000 0.272206 -1.577605
v -0.606332 0.267909 -1.272567
v -0.255479 0.267909 -1.594317
v -0.648543 0.267909 -0.086859
v -0.016712 0.267909 -0.103570
v -0.016712 0.267909 -0.675647
v -0.624494 0.267909 -0.675647
v 0.000000 0.237975 -1.524037
v -0.070279 0.237975 -1.272567
v -0.589843 0.237975 -1.265014
v -0.607793 0.237975 -0.675052
v -0.070279 0.237975 -0.675647
v -0.000575 0.237975 -0.157138
v -0.228133 0.237975 -1.524037
v -0.575335 0.237975 -0.157138
v 0.000000 0.242273 -1.577605
v -0.016712 0.242273 -1.272567
v -0.016712 0.237975 -0.675647
v -0.016712 0.237975 -0.103570
v -0.536987 0.237975 -1.240803
v -0.248976 0.237975 -1.577605
v -0.631135 0.237975 -0.103570
v -0.554258 0.237975 -0.673144
v -0.536987 0.439238 -1.240803
v 0.000000 0.439238 -1.272567
v -0.554258 0.439238 -0.673144
v 0.000000 0.439238 -0.675647
v -0.070848 0.439238 -1.455460
v -0.068577 0.439238 -0.225715
v -0.201449 0.439238 -1.455460
v -0.503899 0.439238 -0.225715
v -0.003115 0.439238 -1.524037
v -0.068577 0.439238 -1.272143
v -0.068577 0.439238 -0.675647
v 0.000000 0.439238 -0.157138
v -0.469321 0.439238 -1.209809
v -0.228133 0.439238 -1.524037
v -0.575335 0.439238 -0.157138
v -0.485724 0.439238 -0.670702
v -0.469321 0.420541 -1.209809
v -0.068577 0.420541 -1.272143
v -0.485724 0.420541 -0.670702
v -0.068577 0.420541 -0.675647
v -0.002589 0.420541 -1.353147
v -0.000826 0.420541 -0.266983
v -0.185392 0.420541 -1.353147
v -0.460912 0.420541 -0.266983
v -0.070848 0.420541 -1.455460
v -0.000826 0.420541 -1.271887
v -0.000826 0.420541 -0.675647
v -0.068577 0.420541 -0.225715
v -0.428602 0.420541 -1.130111
v -0.201449 0.420541 -1.455460
v -0.503899 0.420541 -0.225715
v -0.444482 0.420541 -0.669233
v -0.428602 0.611830 -1.130111
v -0.000826 0.611830 -1.271887
v -0.405794 0.611830 -0.707155
v -0.038186 0.611830 -0.712470
v -0.039147 0.611830 -1.315787
v -0.000826 0.611830 -0.266983
v -0.170856 0.611830 -1.315787
v -0.460912 0.611830 -0.266983
v -0.388584 0.859267 -0.611840
v -0.058194 0.859267 -0.616608
v -0.058194 0.859267 -0.325176
v -0.400293 0.859267 -0.325176
v -0.444482 0.611830 -0.669233
v -0.000826 0.611830 -0.675647
v -0.002589 0.611830 -1.353147
v -0.038186 0.611830 -1.271482
v -0.391804 0.611830 -1.113166
v -0.185392 0.611830 -1.353147
v -0.391804 0.564380 -1.113166
v -0.038186 0.564380 -1.271482
v -0.405794 0.564380 -0.707155
v -0.038186 0.564380 -0.712470
v -0.039147 0.564380 -1.315787
v -0.170856 0.564380 -1.315787
v -0.444482 0.859267 -0.669233
v 0.000000 0.859267 -0.675647
v 0.000000 0.859267 -0.266983
v -0.460912 0.859267 -0.266983
v -0.388584 0.859267 -0.611840
v 0.000000 0.859267 -0.616608
v 0.000000 0.859267 -0.325176
v -0.400293 0.859267 -0.325176
v -0.388584 1.213686 -0.611840
v 0.000000 1.213686 -0.616608
v 0.000000 1.213686 -0.325176
v -0.400293 1.213686 -0.325176
v -0.344010 1.247605 -0.923591
v -0.053254 1.241334 -0.927126
v -0.001273 1.213686 -0.332968
v -0.392539 1.210513 -0.332968
v 0.000000 1.213686 -0.658239
v 0.000000 1.213686 -0.284221
v -0.362557 1.423632 -0.889304
v 0.000000 1.423632 -0.893282
v 0.000000 1.423632 -0.367027
v -0.372357 1.423632 -0.367027
v -0.344010 1.389713 -0.923591
v -0.053254 1.395984 -0.927126
v -0.001273 1.423632 -0.332968
v -0.384630 1.399679 -0.345225
v -0.140583 1.490670 -0.665594
v -0.226132 1.490670 -0.664655
v -0.226132 1.490670 -0.593159
v -0.141942 1.490670 -0.593159
v -0.885363 -0.097308 1.474268
v 0.000000 -0.097308 1.474268
v -0.870549 -0.097308 2.349159
v 0.000000 -0.097308 2.349159
v -0.713130 -0.097308 3.213326
v 0.000000 -0.097308 3.213326
v -0.787774 0.158737 1.570218
v 0.000000 0.158737 1.474268
v -0.870549 0.158737 2.349159
v 0.000000 0.158737 2.349159
v -0.633080 0.158737 3.117376
v 0.000000 0.158737 3.213326
v -0.885363 0.158737 1.474268
v -0.713130 0.158737 3.213326
v -0.095950 0.158737 1.570218
v -0.095950 0.158737 2.349159
v -0.095950 0.158737 3.117376
v -0.774746 0.158737 2.339686
v -0.774746 0.081201 2.339686
v -0.095950 0.081201 2.349159
v -0.095950 0.081201 3.117376
v -0.095950 0.081201 1.570218
v -0.787774 0.081201 1.570218
v -0.633080 0.081201 3.117376
v -0.636225 0.081201 2.341344
v 0.000000 0.081201 2.347181
v 0.000000 0.081201 2.820488
v 0.000000 0.081201 1.867266
v -0.644251 0.081201 1.867266
v -0.548942 0.081201 2.820488
v -0.501392 0.260102 2.205462
v -0.137113 0.260102 2.208804
v 0.000000 0.260102 2.820488
v -0.137113 0.260102 2.004379
v -0.504797 0.260102 2.004379
v -0.548942 0.260102 2.820488
v -0.362557 1.490670 -0.889304
v 0.000000 1.490670 -0.893282
v 0.000000 1.490670 -0.367027
v -0.372357 1.490670 -0.367027
v -0.176394 1.865538 -0.635317
v -0.190886 1.865538 -0.635158
v -0.190886 1.865538 -0.623047
v -0.176624 1.865538 -0.623047
v -0.636225 0.260102 2.341344
v 0.000000 0.260102 2.347181
v 0.000000 0.260102 1.867266
v -0.644251 0.260102 1.867266
v -0.501392 0.260102 2.205462
v -0.137113 0.260102 2.208804
v -0.137113 0.260102 2.004379
v -0.504797 0.260102 2.004379
v -0.381738 0.599959 2.139654
v -0.257891 0.599959 2.140790
v -0.257891 0.599959 2.071290
v -0.382895 0.599959 2.071290
v 0.137848 -0.000001 -6.888299
v 0.001098 -0.993360 -5.944404
v 0.137848 0.181145 7.221986
v 0.164318 -0.999700 6.276940
v 0.001098 -0.993360 -5.391755
v 0.001098 -0.993360 -3.847291
v 0.001098 -0.993360 -2.302828
v 0.001098 -0.993360 -0.758364
v 0.001098 -0.993360 0.786099
v 0.001098 -0.993360 2.330563
v 0.001098 -0.993360 3.875026
v 0.332047 -0.995900 5.609396
v 0.693763 0.000000 5.444156
v 0.973662 0.000000 3.907628
v 1.000000 0.000000 2.352033
v 1.127767 0.000000 0.796437
v 1.127767 -0.000000 -0.759159
v 1.000000 -0.000000 -2.314754
v 0.973662 -0.000000 -3.870350
v 0.693763 -0.000000 -5.425945
v 0.126282 -0.499999 6.630884
v 0.126282 -0.500000 -6.578447
v 0.706932 -0.500000 5.463223
v 0.986831 -0.500000 3.907628
v 1.000000 -0.500000 2.352033
v 1.063883 -0.500000 0.796437
v 1.063883 -0.500000 -0.759159
v 1.000000 -0.500000 -2.314754
v 0.986831 -0.500000 -3.870350
v 0.706932 -0.500000 -5.425945
v 0.485751 -0.997760 5.799705
v 0.547222 0.096507 6.488586
v 0.547771 -0.500000 6.058974
v 0.137848 0.181145 7.221986
v 0.693763 -0.000000 -5.425945
v 0.137848 -0.000001 -6.888299
v 0.547222 0.096507 6.488586
v 0.693763 0.000000 5.444156
v 0.973662 0.000000 3.907628
v 1.000000 0.000000 2.352033
v 1.127767 0.000000 0.796437
v 1.127767 -0.000000 -0.759159
v 1.000000 -0.000000 -2.314754
v 0.973662 -0.000000 -3.870350
v 0.858137 -0.097308 -5.423603
v 1.138035 -0.097308 -3.868008
v 1.164373 -0.097308 -2.312412
v 1.292140 -0.097308 -0.756817
v 1.292140 -0.097308 0.798779
v 1.164373 -0.097308 2.354375
v 1.138035 -0.097308 3.909970
v 0.858137 -0.097308 5.446498
v 0.711596 -0.000801 6.490928
v 0.302222 0.083838 7.224329
v 0.302222 -0.097309 -6.885957
v 1.164373 -0.097308 -2.312412
v 1.292140 -0.097308 -0.756817
v 1.292140 -0.097308 0.798779
v 0.648543 -0.097308 -0.086859
v 0.624494 -0.097308 -0.675647
v 0.606332 -0.097308 -1.272567
v 0.624494 -0.097308 -0.675647
v 0.624494 0.262568 -0.675647
v 0.255479 -0.097308 -1.594317
v 0.648543 -0.097308 -0.086859
v 0.635351 0.253195 -0.033541
v 0.582506 -0.060664 0.210674
v 0.603098 0.235298 0.068262
v 0.624494 0.262568 -0.675647
v 0.648543 0.262568 -0.086859
v 0.648543 0.262568 -0.086859
v 0.054135 0.253195 -0.033541
v 0.054135 0.235298 0.068262
v 0.582506 0.225925 0.210674
v 0.248976 0.267909 -1.577605
v 0.631135 0.267909 -0.103570
v 0.589843 0.267909 -1.265014
v 0.607793 0.267909 -0.675052
v 0.016712 0.272206 -1.272567
v 0.606332 0.267909 -1.272567
v 0.255479 0.267909 -1.594317
v 0.648543 0.267909 -0.086859
v 0.016712 0.267909 -0.103570
v 0.016712 0.267909 -0.675647
v 0.624494 0.267909 -0.675647
v 0.070279 0.237975 -1.272567
v 0.589843 0.237975 -1.265014
v 0.607793 0.237975 -0.675052
v 0.070279 0.237975 -0.675647
v 0.000575 0.237975 -0.157138
v 0.228133 0.237975 -1.524037
v 0.575335 0.237975 -0.157138
v 0.016712 0.242273 -1.272567
v 0.016712 0.237975 -0.675647
v 0.016712 0.237975 -0.103570
v 0.536987 0.237975 -1.240803
v 0.248976 0.237975 -1.577605
v 0.631135 0.237975 -0.103570
v 0.554258 0.237975 -0.673144
v 0.536987 0.439238 -1.240803
v 0.554258 0.439238 -0.673144
v 0.070848 0.439238 -1.455460
v 0.068577 0.439238 -0.225715
v 0.201449 0.439238 -1.455460
v 0.503899 0.439238 -0.225715
v 0.003115 0.439238 -1.524037
v 0.068577 0.439238 -1.272143
v 0.068577 0.439238 -0.675647
v 0.469321 0.439238 -1.209809
v 0.228133 0.439238 -1.524037
v 0.575335 0.439238 -0.157138
v 0.485724 0.439238 -0.670702
v 0.469321 0.420541 -1.209809
v 0.068577 0.420541 -1.272143
v 0.485724 0.420541 -0.670702
v 0.068577 0.420541 -0.675647
v 0.002589 0.420541 -1.353147
v 0.000826 0.420541 -0.266983
v 0.185392 0.420541 -1.353147
v 0.460912 0.420541 -0.266983
v 0.070848 0.420541 -1.455460
v 0.000826 0.420541 -1.271887
v 0.000826 0.420541 -0.675647
v 0.068577 0.420541 -0.225715
v 0.428602 0.420541 -1.130111
v 0.201449 0.420541 -1.455460
v 0.503899 0.420541 -0.225715
v 0.444482 0.420541 -0.669233
v 0.428602 0.611830 -1.130111
v 0.000826 0.611830 -1.271887
v 0.405794 0.611830 -0.707155
v 0.038186 0.611830 -0.712470
v 0.039147 0.611830 -1.315787
v 0.000826 0.611830 -0.266983
v 0.170856 0.611830 -1.315787
v 0.460912 0.611830 -0.266983
v 0.388584 0.859267 -0.611840
v 0.058194 0.859267 -0.616608
v 0.058194 0.859267 -0.325176
v 0.400293 0.859267 -0.325176
v 0.444482 0.611830 -0.669233
v 0.000826 0.611830 -0.675647
v 0.002589 0.611830 -1.353147
v 0.038186 0.611830 -1.271482
v 0.391804 0.611830 -1.113166
v 0.185392 0.611830 -1.353147
v 0.391804 0.564380 -1.113166
v 0.038186 0.564380 -1.271482
v 0.405794 0.564380 -0.707155
v 0.038186 0.564380 -0.712470
v 0.039147 0.564380 -1.315787
v 0.170856 0.564380 -1.315787
v 0.444482 0.859267 -0.669233
v 0.460912 0.859267 -0.266983
v 0.388584 0.859267 -0.611840
v 0.400293 0.859267 -0.325176
v 0.388584 1.213686 -0.611840
v 0.400293 1.213686 -0.325176
v 0.344010 1.247605 -0.923591
v 0.053254 1.241334 -0.927126
v 0.001273 1.213686 -0.332968
v 0.392539 1.210513 -0.332968
v 0.362557 1.423632 -0.889304
v 0.372357 1.423632 -0.367027
v 0.344010 1.389713 -0.923591
v 0.053254 1.395984 -0.927126
v 0.001273 1.423632 -0.332968
v 0.384630 1.399679 -0.345225
v 0.140583 1.490670 -0.665594
v 0.226132 1.490670 -0.664655
v 0.226132 1.490670 -0.593159
v 0.141942 1.490670 -0.593159
v 0.885363 -0.097308 1.474268
v 0.870549 -0.097308 2.349159
v 0.713130 -0.097308 3.213326
v 0.787774 0.158737 1.570218
v 0.870549 0.158737 2.349159
v 0.633080 0.158737 3.117376
v 0.885363 0.158737 1.474268
v 0.713130 0.158737 3.213326
v 0.095950 0.158737 1.570218
v 0.095950 0.158737 2.349159
v 0.095950 0.158737 3.117376
v 0.774746 0.158737 2.339686
v 0.774746 0.081201 2.339686
v 0.095950 0.081201 2.349159
v 0.095950 0.081201 3.117376
v 0.095950 0.081201 1.570218
v 0.787774 0.081201 1.570218
v 0.633080 0.081201 3.117376
v 0.636225 0.081201 2.341344
v 0.644251 0.081201 1.867266
v 0.548942 0.081201 2.820488
v 0.501392 0.260102 2.205462
v 0.137113 0.260102 2.208804
v 0.137113 0.260102 2.004379
v 0.504797 0.260102 2.004379
v 0.548942 0.260102 2.820488
v 0.362557 1.490670 -0.889304
v 0.372357 1.490670 -0.367027
v 0.176394 1.865538 -0.635317
v 0.190886 1.865538 -0.635158
v 0.190886 1.865538 -0.623047
v 0.176624 1.865538 -0.623047
v 0.636225 0.260102 2.341344
v 0.644251 0.260102 1.867266
v 0.501392 0.260102 2.205462
v 0.137113 0.260102 2.208804
v 0.137113 0.260102 2.004379
v 0.504797 0.260102 2.004379
v 0.381738 0.599959 2.139654
v 0.257891 0.599959 2.140790
v 0.257891 0.599959 2.071290
v 0.382895 0.599959 2.071290
v 0.000000 0.069833 7.237270
v -0.135958 0.069833 7.125389
v -0.695915 -0.081709 -5.425945
v -0.135958 -0.081709 -6.837664
v -0.547312 -0.000972 6.418380
v -0.695915 -0.081708 5.447272
v -0.975814 -0.081709 3.907628
v -1.000000 -0.081709 2.352033
v -1.117327 -0.081709 0.796437
v -1.117327 -0.081709 -0.759159
v -1.000000 -0.081709 -2.314754
v -0.975814 -0.081709 -3.870350
v 0.000000 -0.081709 -6.949544
v 0.135958 0.069833 7.125389
v 0.695915 -0.081709 -5.425945
v 0.135958 -0.081709 -6.837664
v 0.547312 -0.000972 6.418380
v 0.695915 -0.081708 5.447272
v 0.975814 -0.081709 3.907628
v 1.000000 -0.081709 2.352033
v 1.117327 -0.081709 0.796437
v 1.117327 -0.081709 -0.759159
v 1.000000 -0.081709 -2.314754
v 0.975814 -0.081709 -3.870350
v 1.000000 -0.081709 -2.314754
v 1.019809 -0.500000 -1.832386
v 0.695915 -0.081709 -5.425945
v 0.804699 -0.500000 -4.882584
v -0.805823 -0.500000 -4.876340
v -0.695915 -0.081709 -5.425945
v -1.020922 -0.500000 -1.805291
v -1.000000 -0.081709 -2.314754
v -0.159283 1.678104 -0.608103
v -0.158488 1.678104 -0.650456
v -0.208509 1.678104 -0.649907
v -0.208509 1.678104 -0.608103
v 0.159283 1.678104 -0.608103
v 0.158488 1.678104 -0.650456
v 0.208509 1.678104 -0.649907
v 0.208509 1.678104 -0.608103
v -0.252301 -0.027479 -2.912273
v 0.000000 -0.056613 -2.967126
v -0.313976 -0.027479 -2.593919
v 0.000000 -0.056613 -2.539065
v -0.252301 0.141604 -2.912273
v 0.000000 0.170738 -2.967126
v -0.313976 0.141604 -2.593919
v 0.000000 0.170738 -2.539065
v -0.262273 0.152927 -3.145600
v 0.000000 0.152927 -3.145600
v -0.394737 0.152927 -2.106669
v 0.000000 0.152927 -2.106669
v 0.000000 -0.097308 -2.607696
v -0.378078 -0.056613 -2.731693
v 0.000000 0.194900 -2.607696
v -0.378078 0.170738 -2.731693
v -0.286665 0.246559 -3.180625
v 0.000000 0.246559 -3.180625
v -0.419128 0.246559 -2.106669
v 0.000000 0.246559 -2.106669
v 0.000000 0.130375 -2.603512
v -0.438636 0.120535 -2.728437
v 0.000000 0.333983 -2.603512
v -0.463027 0.278951 -2.728437
v -0.223444 0.339198 -3.087651
v 0.000000 0.334669 -3.145979
v -0.340213 0.337713 -2.165474
v 0.000000 0.334669 -2.107049
v 0.000000 0.367061 -2.728817
v -0.379300 0.368104 -2.719015
v -0.167627 -0.099591 -4.937825
v 0.000510 -0.119006 -4.974381
v -0.208728 -0.099591 -4.725670
v 0.000510 -0.119006 -4.689115
v -0.167627 0.013088 -4.937825
v 0.000510 0.032504 -4.974381
v -0.208728 0.013088 -4.725670
v 0.000510 0.032504 -4.689115
v -0.174273 0.020634 -5.093318
v 0.000510 0.020634 -5.093318
v -0.262548 0.020634 -4.400960
v 0.000510 0.020634 -4.400960
v -0.251447 -0.119006 -4.817484
v 0.000510 0.048605 -4.734851
v -0.251447 0.032504 -4.817484
v -0.190528 0.083031 -5.116659
v 0.000510 0.083031 -5.116659
v -0.278803 0.083031 -4.400960
v 0.000510 0.083031 -4.400960
v 0.000510 0.005605 -4.732063
v -0.291803 -0.000953 -4.815315
v -0.308058 0.104618 -4.815315
v -0.135444 0.146278 -5.035243
v 0.000510 0.141749 -5.093571
v -0.208024 0.144792 -4.459638
v 0.000510 0.141749 -4.401213
v 0.000510 0.163336 -4.815568
v -0.232467 0.164379 -4.805767
v -0.217371 0.094609 5.144033
v 0.000000 0.094609 5.144033
v -0.349576 0.094609 4.107125
v 0.000000 0.094609 4.107125
v -0.241715 0.188058 5.178990
v -0.373920 0.188058 4.107125
v -0.393390 0.062280 4.727682
v -0.417734 0.220387 4.727682
v -0.135800 0.285511 5.021878
v -0.235034 0.282391 4.230240
v -0.268740 0.310517 4.707471
v 0.252301 -0.027479 -2.912273
v 0.313976 -0.027479 -2.593919
v 0.252301 0.141604 -2.912273
v 0.313976 0.141604 -2.593919
v 0.262273 0.152927 -3.145600
v 0.394737 0.152927 -2.106669
v 0.378078 -0.056613 -2.731693
v 0.378078 0.170738 -2.731693
v 0.286665 0.246559 -3.180625
v 0.419128 0.246559 -2.106669
v 0.438636 0.120535 -2.728437
v 0.463027 0.278951 -2.728437
v 0.223444 0.339198 -3.087651
v 0.340213 0.337713 -2.165474
v 0.379300 0.368104 -2.719015
v 0.167627 -0.099591 -4.937825
v -0.000510 -0.119006 -4.974381
v 0.208728 -0.099591 -4.725670
v -0.000510 -0.119006 -4.689115
v 0.167627 0.013088 -4.937825
v -0.000510 0.032504 -4.974381
v 0.208728 0.013088 -4.725670
v -0.000510 0.032504 -4.689115
v 0.174273 0.020634 -5.093318
v -0.000510 0.020634 -5.093318
v 0.262548 0.020634 -4.400960
v -0.000510 0.020634 -4.400960
v 0.251447 -0.119006 -4.817484
v -0.000510 0.048605 -4.734851
v 0.251447 0.032504 -4.817484
v 0.190528 0.083031 -5.116659
v -0.000510 0.083031 -5.116659
v 0.278803 0.083031 -4.400960
v -0.000510 0.083031 -4.400960
v -0.000510 0.005605 -4.732063
v 0.291803 -0.000953 -4.815315
v 0.308058 0.104618 -4.815315
v 0.135444 0.146278 -5.035243
v -0.000510 0.141749 -5.093571
v 0.208024 0.144792 -4.459638
v -0.000510 0.141749 -4.401213
v -0.000510 0.163336 -4.815568
v 0.232467 0.164379 -4.805767
v -0.207418 -0.085446 4.911160
v -0.268973 -0.085446 4.593426
v 0.000000 -0.114523 4.538679
v -0.207418 0.083308 4.911160
v -0.268973 0.083308 4.593426
v -0.332951 -0.114523 4.730931
v -0.332951 0.112385 4.730931
v 0.207418 -0.085446 4.911160
v 0.000000 -0.114523 4.965907
v 0.268973 -0.085446 4.593426
v 0.207418 0.083308 4.911160
v 0.000000 0.112385 4.965907
v 0.268973 0.083308 4.593426
v 0.000000 0.112385 4.538679
v 0.217371 0.094609 5.144033
v 0.349576 0.094609 4.107125
v 0.332951 -0.114523 4.730931
v 0.000000 0.136500 4.607176
v 0.332951 0.112385 4.730931
v 0.241715 0.188058 5.178990
v 0.000000 0.188058 5.178990
v 0.373920 0.188058 4.107125
v 0.000000 0.188058 4.107125
v 0.000000 0.072101 4.603000
v 0.393390 0.062280 4.727682
v 0.417734 0.220387 4.727682
v 0.135800 0.285511 5.021878
v 0.000000 0.285511 5.021878
v 0.235034 0.282391 4.230240
v 0.000000 0.282391 4.230240
v 0.000000 0.308326 4.728062
v 0.268740 0.310517 4.707471
v -0.349576 0.275996 4.107504
v -0.393390 0.308326 4.728062
v -0.217371 0.275996 5.144412
v 0.349576 0.275996 4.107504
v 0.000000 0.275996 4.107504
v 0.393390 0.308326 4.728062
v 0.217371 0.275996 5.144412
v 0.000000 0.275996 5.144412
v -0.394737 0.334669 -2.107049
v -0.262548 0.141749 -4.401213
v 0.394737 0.334669 -2.107049
v -0.057994 0.144792 -4.459638
v 0.262548 0.141749 -4.401213
v -0.438636 0.367061 -2.728817
v 0.057994 0.144792 -4.459638
v -0.262273 0.334669 -3.145979
v -0.291803 0.163336 -4.815568
v -0.057994 0.163336 -4.815568
v -0.057994 0.146278 -5.035243
v -0.174273 0.141749 -5.093571
v 0.438636 0.367061 -2.728817
v 0.262273 0.334669 -3.145979
v 0.291803 0.163336 -4.815568
v 0.057994 0.163336 -4.815568
v 0.174273 0.141749 -5.093571
v 0.057994 0.146278 -5.035243
vn 0.1135 -0.0115 -0.9935
vn 0.0721 -0.0883 -0.9935
vn -0.0115 -0.1135 -0.9935
vn -0.0883 -0.0721 -0.9935
vn -0.1135 0.0115 -0.9935
vn -0.0721 0.0883 -0.9935
vn 0.0115 0.1135 -0.9935
vn 0.0883 0.0721 -0.9935
vn -0.0000 -0.9736 0.2282
vn 0.6885 -0.6884 0.2282
vn -0.7752 0.6264 0.0813
vn -0.9911 -0.1052 0.0813
vn -1.0000 -0.0000 -0.0000
vn -0.7071 0.7071 -0.0000
vn 0.9911 0.1052 0.0813
vn 0.6264 0.7752 0.0813
vn 0.7071 0.7071 -0.0000
vn 1.0000 -0.0000 -0.0000
vn 0.1052 -0.9911 0.0813
vn 0.7752 -0.6264 0.0813
vn 0.7071 -0.7071 -0.0000
vn -0.0000 -1.0000 -0.0000
vn -0.6264 -0.7752 0.0813
vn -0.7071 -0.7071 -0.0000
vn -0.1052 0.9911 0.0813
vn -0.0000 1.0000 -0.0000
vn 0.9983 -0.0000 0.0581
vn 0.7059 0.7059 0.0581
vn 0.8450 0.4135 -0.3391
vn 0.8665 -0.4952 0.0624
vn -0.9736 -0.0000 0.2282
vn -0.6884 -0.6885 0.2282
vn -0.0000 0.9736 0.2282
vn -0.6884 0.6885 0.2282
vn 0.6885 0.6884 0.2282
vn 0.9736 -0.0000 0.2282
vn 0.4112 -0.1251 0.9029
vn 0.3792 0.2023 0.9029
vn 0.1251 0.4112 0.9029
vn -0.2023 0.3792 0.9029
vn -0.4112 0.1251 0.9029
vn -0.1645 0.3971 0.9029
vn -0.4112 -0.1251 0.9029
vn 0.2023 -0.3792 0.9029
vn -0.0000 -0.9983 0.0581
vn 0.7059 -0.7059 0.0581
vn 0.8450 -0.4135 -0.3391
vn 0.3051 -0.8899 -0.3391
vn -0.9983 -0.0000 0.0581
vn -0.7059 -0.7059 0.0581
vn -0.4135 -0.8450 -0.3391
vn -0.8899 -0.3051 -0.3391
vn -0.0000 0.9983 0.0581
vn -0.7059 0.7059 0.0581
vn -0.8450 0.4135 -0.3391
vn -0.3051 0.8899 -0.3391
vn -0.1135 -0.0115 0.9935
vn -0.0721 -0.0883 0.9935
vn 0.0115 -0.1135 0.9935
vn 0.0883 -0.0721 0.9935
vn 0.1135 0.0114 0.9935
vn 0.0721 0.0883 0.9935
vn -0.0115 0.1135 0.9935
vn -0.0883 0.0721 0.9935
vn -0.0000 -0.9736 -0.2282
vn -0.6885 -0.6885 -0.2282
vn 0.7752 0.6264 -0.0813
vn 0.9911 -0.1052 -0.0813
vn -0.9911 0.1052 -0.0813
vn -0.6264 0.7752 -0.0813
vn -0.1052 -0.9911 -0.0813
vn -0.7752 -0.6264 -0.0813
vn 0.6264 -0.7752 -0.0813
vn 0.1052 0.9911 -0.0813
vn -0.9983 -0.0000 -0.0581
vn -0.7059 0.7059 -0.0581
vn -0.8450 0.4135 0.3391
vn -0.8665 -0.4952 -0.0624
vn 0.9736 -0.0000 -0.2282
vn 0.6885 -0.6884 -0.2282
vn -0.0000 0.9736 -0.2282
vn 0.6885 0.6885 -0.2282
vn -0.6885 0.6885 -0.2282
vn -0.9736 -0.0000 -0.2282
vn -0.4112 -0.1251 -0.9029
vn -0.3792 0.2023 -0.9029
vn -0.1251 0.4112 -0.9029
vn 0.2023 0.3792 -0.9029
vn 0.4112 0.1251 -0.9029
vn 0.1645 0.3971 -0.9029
vn 0.4112 -0.1251 -0.9029
vn -0.2023 -0.3792 -0.9029
vn -0.0000 -0.9983 -0.0581
vn -0.7059 -0.7059 -0.0581
vn -0.8450 -0.4135 0.3391
vn -0.3051 -0.8899 0.3391
vn 0.9983 -0.0000 -0.0581
vn 0.7059 -0.7059 -0.0581
vn 0.4135 -0.8450 0.3391
vn 0.8899 -0.3051 0.3391
vn -0.0000 0.9983 -0.0581
vn 0.7059 0.7059 -0.0581
vn 0.8450 0.4135 0.3391
vn 0.3051 0.8899 0.3391
vn 0.6885 -0.6885 -0.2282
vn 0.1135 -0.0114 -0.9935
vn -0.6885 -0.6884 0.2282
vn -0.8899 0.3051 -0.3391
vn -0.2626 0.9629 0.0624
vn 0.6884 -0.6885 0.2282
vn 0.6884 0.6885 0.2282
vn -0.6885 0.6884 0.2282
vn -0.1251 -0.4112 0.9029
vn -0.1645 -0.3971 0.9029
vn 0.3792 -0.2023 0.9029
vn -0.3792 -0.2023 0.9029
vn 0.8899 0.3051 -0.3391
vn 0.4135 0.8450 -0.3391
vn 0.1135 0.0115 0.9935
vn 0.8899 0.3051 0.3391
vn 0.2626 0.9629 -0.0624
vn -0.6884 0.6885 -0.2282
vn 0.1251 -0.4112 -0.9029
vn 0.1645 -0.3971 -0.9029
vn -0.3792 -0.2023 -0.9029
vn 0.3792 -0.2023 -0.9029
vn -0.8899 0.3051 0.3391
vn -0.4135 0.8450 0.3391
vn -0.0000 0.3757 -0.9267
vn -0.5091 0.8233 -0.2510
vn -0.7764 -0.0000 -0.6302
vn 0.2875 0.6952 -0.6589
vn -0.2020 0.6952 0.6899
vn 0.6898 0.7071 -0.1558
vn 0.6944 0.7071 0.1336
vn -0.2513 0.7071 0.6610
vn -0.1252 0.7071 0.6959
vn 0.4988 0.7082 -0.4997
vn -0.1248 0.7178 -0.6850
vn 0.0967 0.7178 0.6895
vn 0.3441 0.7082 0.6165
vn -0.0120 0.7071 -0.7070
vn -0.5632 0.7071 0.4276
vn -0.0579 0.7071 -0.7048
vn -0.5983 0.7071 0.3769
vn 0.6025 0.7071 -0.3702
vn -0.5922 0.7071 0.3865
vn 0.6308 0.7071 -0.3196
vn -0.6218 0.7071 0.3367
vn 0.6256 0.7071 -0.3297
vn -0.0579 0.7071 0.7048
vn 0.6515 0.7071 -0.2749
vn -0.0120 0.7071 0.7070
vn -0.7764 -0.0000 0.6302
vn -0.6124 0.7071 0.3536
vn -0.0000 0.7173 0.6968
vn 0.6034 0.7173 -0.3484
vn 0.6124 0.7071 -0.3536
vn -0.0000 -0.0000 -1.0000
vn -0.0000 0.7094 0.7048
vn -0.0000 -0.0534 0.9986
vn 0.6104 0.7094 -0.3524
vn 0.5091 0.8233 -0.2509
vn -0.7765 -0.0000 0.6301
vn 0.7143 0.6952 0.0804
vn -0.5582 0.6952 0.4530
vn -0.5109 0.7071 0.4889
vn -0.2513 0.7071 -0.6610
vn -0.5490 0.7071 -0.4456
vn -0.3444 0.7071 0.6176
vn -0.3441 0.7082 0.6165
vn 0.6821 0.7082 -0.1822
vn 0.6524 0.7178 -0.2434
vn -0.0967 0.7178 0.6895
vn 0.6360 0.7071 -0.3090
vn -0.1267 0.7071 0.6957
vn 0.6326 0.7071 -0.3160
vn 0.6218 0.7071 -0.3367
vn -0.6025 0.7071 0.3702
vn -0.5900 0.7071 0.3898
vn -0.1252 0.7071 -0.6959
vn -0.5859 0.7071 0.3959
vn -0.4793 -0.8776 -0.0034
vn -0.0000 -1.0000 -0.0041
vn -0.0000 -1.0000 -0.0042
vn -0.5334 -0.8458 -0.0074
vn -0.4426 -0.8967 0.0055
vn -0.9866 -0.1631 -0.0000
vn -0.4306 -0.9025 0.0044
vn -0.4306 -0.9025 -0.0044
vn -0.4472 -0.8944 -0.0029
vn -0.4768 -0.8787 -0.0222
vn -0.5961 -0.7960 -0.1050
vn -0.6809 -0.6913 -0.2418
vn -0.7703 -0.5340 -0.3486
vn -0.6663 -0.6952 0.2697
vn -0.0000 -1.0000 -0.0027
vn -0.2282 -0.5990 0.7675
vn -0.6542 -0.5667 0.5008
vn -0.8134 -0.4605 -0.3555
vn -0.0000 -0.6885 -0.7253
vn -0.7367 -0.6743 -0.0510
vn -0.7336 -0.6727 -0.0965
vn -0.6194 -0.7851 -0.0063
vn -0.6897 -0.7240 -0.0137
vn -0.6533 -0.7567 -0.0248
vn -0.6431 -0.7657 0.0122
vn -0.6661 -0.7457 0.0152
vn -0.7376 -0.6746 0.0294
vn -0.8544 -0.5143 0.0745
vn -0.8745 -0.3147 0.3690
vn -0.7491 -0.6311 -0.2013
vn -0.0170 -0.6015 0.7987
vn -0.7252 -0.4087 0.5542
vn 0.4793 -0.8776 -0.0034
vn 0.5334 -0.8458 -0.0074
vn 0.4426 -0.8967 0.0054
vn 0.9866 -0.1631 -0.0000
vn 0.4306 -0.9025 0.0044
vn 0.4306 -0.9025 -0.0043
vn 0.4474 -0.8943 -0.0029
vn 0.4768 -0.8787 -0.0222
vn 0.5964 -0.7958 -0.1050
vn 0.6809 -0.6913 -0.2418
vn 0.7695 -0.5312 -0.3546
vn 0.6663 -0.6952 0.2697
vn 0.6542 -0.5667 0.5008
vn 0.8134 -0.4605 -0.3555
vn 0.7337 -0.6726 -0.0965
vn 0.7366 -0.6744 -0.0510
vn 0.6191 -0.7853 -0.0062
vn 0.6533 -0.7567 -0.0248
vn 0.6895 -0.7242 -0.0138
vn 0.6431 -0.7657 0.0122
vn 0.6661 -0.7457 0.0152
vn 0.7376 -0.6746 0.0294
vn 0.8544 -0.5143 0.0745
vn 0.8745 -0.3147 0.3690
vn 0.7492 -0.6309 -0.2015
vn 0.7252 -0.4087 0.5542
vn -0.0000 0.9952 -0.0977
vn 0.0082 0.9952 -0.0977
vn 0.0193 0.9931 -0.1157
vn -0.0000 0.9933 -0.1157
vn 0.0012 0.9995 -0.0319
vn -0.0000 0.9995 -0.0319
vn -0.9279 -0.0000 -0.3728
vn -0.6499 -0.4262 -0.6292
vn 0.1638 -0.0574 -0.9848
vn -0.4687 -0.0000 -0.8834
vn -0.0000 -0.0000 -0.0000
vn -0.0000 0.9925 -0.1222
vn -0.0000 0.9981 -0.0612
vn -0.5528 0.6235 0.5529
vn 0.0766 -0.0319 0.9966
vn 0.6148 0.3517 0.7060
vn -0.0000 0.3615 0.9324
vn 0.0043 -0.2186 0.9758
vn 0.9232 -0.3831 0.0314
vn 0.5305 0.4311 -0.7298
vn 0.9522 -0.0000 -0.3056
vn 0.9707 -0.1521 0.1862
vn -0.9316 -0.0035 -0.3636
vn -0.6103 0.7921 -0.0118
vn -0.9953 -0.0000 0.0973
vn -0.9738 -0.1603 -0.1614
vn 0.2856 0.8969 0.3376
vn -0.0000 1.0000 0.0057
vn -0.0000 0.9999 0.0141
vn 0.3171 0.5051 0.8027
vn 0.3325 0.9373 -0.1049
vn -0.3139 0.9072 0.2803
vn 0.2853 0.8917 0.3513
vn -0.2192 0.9454 0.2411
vn -0.2359 0.9645 -0.1184
vn -0.3682 0.8953 0.2506
vn 0.2573 0.9239 0.2831
vn -0.0000 0.8536 -0.5210
vn -0.0000 1.0000 0.0018
vn 0.2207 0.9621 0.1599
vn 0.5594 0.8287 0.0198
vn -0.1467 0.9768 -0.1561
vn 0.1296 0.1852 0.9741
vn 0.9277 -0.2339 0.2911
vn 0.7465 -0.5382 0.3913
vn 0.5715 0.4233 0.7030
vn 0.9653 -0.2594 -0.0302
vn 0.6694 0.4636 0.5805
vn 0.5884 0.0150 0.8085
vn 0.9706 -0.1456 0.1916
vn -0.9260 0.3774 -0.0070
vn -0.9239 -0.2661 -0.2747
vn -0.2661 -0.2747 -0.9239
vn -0.3774 0.0070 -0.9260
vn 0.4311 0.7509 -0.5003
vn 0.3831 -0.0063 -0.9237
vn -0.6581 -0.7529 0.0042
vn -0.8527 0.5192 -0.0568
vn 0.6776 0.4727 -0.5634
vn 0.4124 0.4510 -0.7915
vn -0.5494 0.5558 0.6239
vn -0.0070 0.9260 -0.3774
vn -0.0199 0.9953 -0.0950
vn 0.5898 0.4778 -0.6510
vn 0.7058 0.7054 -0.0655
vn -0.1108 0.8258 0.5529
vn 0.4352 0.8157 -0.3811
vn -0.2924 0.7050 -0.6461
vn -0.9069 0.3604 -0.2181
vn -0.3749 0.9262 0.0390
vn -0.0126 0.6223 -0.7827
vn 0.7566 0.5003 -0.4209
vn -0.0138 0.9409 0.3383
vn -0.4329 0.7729 -0.4639
vn -0.9123 -0.4095 0.0001
vn -0.9176 0.2811 -0.2811
vn 0.1777 0.6937 -0.6980
vn -0.9727 -0.1940 -0.1269
vn 0.8705 -0.2776 0.4063
vn 0.8569 0.5119 -0.0601
vn -0.4939 0.0206 0.8693
vn 0.5019 -0.2519 0.8274
vn -0.1940 -0.1269 -0.9727
vn -0.6937 0.6980 0.1777
vn -0.0000 0.9267 -0.3759
vn 0.1236 -0.1886 -0.9743
vn 0.9500 -0.2472 -0.1909
vn 0.4675 0.1397 -0.8729
vn 0.4095 0.9123 -0.0001
vn -0.3329 0.8853 -0.3248
vn 0.2919 0.9119 0.2884
vn 0.9811 -0.1236 -0.1486
vn 0.4134 -0.0000 -0.9106
vn 0.9144 -0.0000 -0.4048
vn 0.9201 -0.2924 -0.2608
vn -0.0297 0.5928 0.8048
vn -0.1317 -0.2134 0.9681
vn -0.9141 -0.2903 -0.2829
vn -0.9242 0.2737 -0.2662
vn -0.9653 -0.1317 0.2254
vn -0.7974 0.0297 0.6027
vn -0.3280 -0.9447 0.0039
vn 0.2752 -0.9222 0.2718
vn 0.3203 -0.8048 0.4997
vn -0.6332 -0.7729 0.0413
vn -0.1987 -0.9215 -0.3337
vn 0.4838 0.1777 -0.8570
vn 0.2811 -0.9176 0.2811
vn -0.2430 -0.9391 -0.2430
vn -0.9964 -0.0028 0.0848
vn -0.6605 0.5299 0.5319
vn -0.2942 0.0123 -0.9557
vn -0.9681 -0.0809 -0.2371
vn 0.2248 -0.0412 0.9735
vn 0.5135 0.1198 0.8497
vn -0.9030 0.0465 0.4271
vn -0.2532 -0.1266 0.9591
vn 0.9441 0.3294 -0.0105
vn 0.8901 -0.3260 0.3185
vn 0.9861 0.1644 0.0233
vn 0.9391 0.2430 0.2430
vn 0.7837 0.3785 0.4924
vn 0.9411 -0.2309 0.2470
vn -0.5083 0.8612 -0.0000
vn 0.8381 0.5455 -0.0000
vn 0.9728 -0.1246 0.1953
vn 0.9719 -0.1288 -0.1972
vn 0.9989 -0.0016 -0.0470
vn -0.1707 0.9758 0.1369
vn 0.1517 0.9855 -0.0759
vn -0.0079 0.9859 -0.1670
vn -0.1357 0.9681 0.2106
vn 0.0013 0.9972 -0.0744
vn -0.3299 0.8876 -0.3214
vn -0.2651 0.9355 0.2336
vn 0.2793 0.9591 0.0464
vn 0.1665 0.9842 -0.0600
vn 0.3035 0.9294 0.2102
vn 0.3292 0.9352 0.1304
vn -0.1080 0.9847 0.1365
vn -0.5402 0.6634 -0.5178
vn -0.0276 0.4271 0.9038
vn -0.0870 0.9691 0.2306
vn 0.5759 0.5121 0.6373
vn -0.0949 -0.2371 -0.9668
vn -0.0166 0.9557 -0.2940
vn -0.0031 0.9766 -0.2152
vn 0.1456 -0.1496 -0.9780
vn 0.9803 -0.1597 -0.1159
vn 0.2488 -0.0000 -0.9686
vn 0.7564 0.6490 -0.0811
vn 0.9517 -0.0704 0.2988
vn -0.9561 -0.2532 0.1474
vn -0.4260 0.9030 0.0558
vn -0.0336 0.5681 0.8223
vn -0.5043 -0.8635 -0.0000
vn -0.5083 -0.8612 -0.0000
vn -0.0000 -0.0000 1.0000
vn -0.0001 -0.0000 -1.0000
vn 0.0001 -0.0000 1.0000
vn 0.3883 -0.9215 -0.0000
vn 0.2532 -0.9197 -0.3000
vn 0.3820 -0.9187 0.1001
vn -0.2881 -0.9132 -0.2881
vn 0.0405 -0.9296 -0.3664
vn 0.9997 -0.0136 0.0207
vn 0.9915 -0.0857 -0.0978
vn 0.5571 0.5738 -0.6003
vn 0.2347 0.9721 -0.0040
vn -0.4821 0.2454 0.8410
vn 0.0165 0.2347 0.9719
vn 0.6589 0.5874 0.4699
vn -0.5486 0.6309 0.5486
vn 0.3434 0.3417 -0.8748
vn -0.8350 0.2455 -0.4924
vn 0.6088 -0.0296 -0.7928
vn 0.7348 0.6362 -0.2352
vn -0.9970 -0.0367 -0.0680
vn -0.9942 -0.1077 -0.0000
vn -0.6309 0.5486 -0.5486
vn -0.2455 0.4924 -0.8350
vn -0.0413 -0.0023 0.9991
vn 0.0136 -0.0376 0.9992
vn 0.9721 -0.0000 0.2347
vn -0.8410 0.4821 0.2454
vn -0.0000 -0.9498 0.3130
vn 0.2603 -0.9150 -0.3083
vn 0.3612 -0.9288 0.0829
vn 0.0002 -0.9435 -0.3314
vn 0.0491 -0.9397 -0.3384
vn -0.8979 0.3528 0.2633
vn 0.3498 0.9161 0.1958
vn -0.2962 0.2401 0.9245
vn -0.3314 -0.0002 0.9435
vn -0.3314 -0.0000 0.9435
vn -0.5845 -0.4366 0.6839
vn 0.8955 0.3524 -0.2718
vn -0.3426 0.9188 -0.1959
vn 0.6873 0.7053 -0.1735
vn -0.1119 0.9028 -0.4153
vn -0.6876 0.7049 0.1742
vn 0.1062 0.8970 0.4291
vn -0.0193 0.9931 -0.1157
vn -0.0082 0.9952 -0.0977
vn -0.0012 0.9995 -0.0319
vn 0.9279 -0.0000 -0.3728
vn 0.4687 -0.0000 -0.8834
vn 0.6459 -0.3664 -0.6697
vn 0.5582 -0.0210 -0.8294
vn -0.5823 -0.1389 0.8010
vn -0.0000 -0.2186 0.9758
vn 0.0023 0.3615 0.9324
vn 0.1172 0.0326 0.9926
vn -0.9383 -0.0711 -0.3385
vn -0.9837 -0.0000 -0.1797
vn -0.9315 0.2395 0.2737
vn -0.5001 0.8658 0.0149
vn 0.9474 -0.2398 0.2122
vn 0.9738 -0.0000 0.2275
vn 0.9953 0.0694 -0.0682
vn 0.7417 0.6530 0.1536
vn -0.5138 0.8301 -0.2169
vn -0.3172 0.5051 0.8027
vn 0.3417 0.9395 -0.0242
vn 0.3053 0.9454 -0.1141
vn 0.0002 0.8917 0.4526
vn -0.3722 0.9053 0.2048
vn 0.2360 0.9640 -0.1228
vn 0.3682 0.8953 0.2506
vn 0.3202 0.9239 0.2093
vn -0.0622 0.9730 -0.2224
vn 0.0087 0.9768 0.2140
vn -0.3796 0.8287 0.4113
vn -0.1296 0.1851 0.9741
vn -0.6886 0.7194 0.0908
vn -0.7465 -0.5382 0.3913
vn -0.9308 -0.3394 0.1354
vn -0.7109 0.7021 -0.0406
vn -0.9653 -0.2594 -0.0302
vn -0.8813 -0.2718 0.3865
vn -0.6730 0.3976 0.6237
vn 0.9239 -0.0734 -0.3754
vn 0.9260 0.1896 -0.3264
vn 0.0734 -0.3754 -0.9239
vn -0.0711 -0.3765 -0.9237
vn -0.8658 0.0056 -0.5003
vn 0.1896 0.3264 -0.9260
vn 0.6581 -0.7529 0.0042
vn 0.8527 0.5192 -0.0568
vn -0.8614 0.4999 0.0902
vn -0.4123 0.4510 -0.7916
vn -0.8169 0.5558 0.1543
vn -0.8744 0.4826 -0.0489
vn 0.0886 0.9936 0.0700
vn 0.3264 0.9260 -0.1896
vn 0.6831 0.7020 -0.2014
vn -0.4914 0.7050 -0.5113
vn -0.5781 0.8157 -0.0212
vn -0.5416 0.8394 0.0464
vn 0.9069 0.3604 -0.2181
vn 0.3749 0.9261 0.0413
vn 0.1048 0.6223 0.7757
vn -0.0407 0.5003 -0.8649
vn 0.0259 0.7729 0.6340
vn -0.2468 0.9409 -0.2318
vn 0.9123 -0.2895 -0.2895
vn 0.9727 -0.1636 -0.1644
vn -0.1777 0.9498 -0.2577
vn 0.9176 0.3975 -0.0000
vn -0.8037 -0.2217 0.5521
vn -0.3323 -0.3022 0.8934
vn 0.2020 0.6230 0.7557
vn -0.4121 0.0140 0.9110
vn 0.1636 -0.1644 -0.9727
vn -0.1591 -0.1597 -0.9743
vn -0.8013 0.4654 -0.3759
vn 0.9498 0.2577 0.1777
vn -0.5731 0.6135 -0.5433
vn -0.9500 -0.2472 -0.1909
vn -0.2895 0.9123 0.2895
vn 0.0051 0.9119 -0.4103
vn 0.3329 0.8853 -0.3248
vn -0.9800 -0.1591 -0.1198
vn -0.9096 -0.4142 0.0325
vn -0.8878 0.3086 0.3414
vn -0.3945 0.8013 -0.4497
vn 0.1734 -0.1811 0.9681
vn 0.5286 0.2700 0.8048
vn 0.9098 -0.0000 0.4150
vn 0.9226 0.3858 0.0061
vn 0.9657 -0.1734 0.1931
vn 0.8014 0.5286 0.2800
vn 0.2337 -0.9447 0.2301
vn 0.2351 -0.7729 0.5894
vn -0.1095 -0.8048 0.5834
vn -0.3868 -0.9222 -0.0028
vn 0.3808 -0.9215 -0.0765
vn 0.3437 -0.9391 -0.0000
vn -0.3975 -0.9176 -0.0000
vn -0.1691 0.1777 -0.9695
vn 0.9966 -0.0542 0.0614
vn 0.9681 -0.0295 -0.2488
vn 0.2942 0.4873 -0.8221
vn 0.6743 -0.0000 -0.7384
vn -0.4890 -0.0519 0.8707
vn 0.2742 -0.0705 0.9591
vn 0.7598 0.4902 0.4271
vn -0.1688 0.0603 0.9838
vn -0.9416 0.2360 -0.2401
vn -0.9391 0.3437 -0.0000
vn -0.9858 -0.1382 -0.0956
vn -0.8815 -0.0033 -0.4721
vn -0.7760 0.6157 0.1369
vn -0.9428 -0.0671 0.3265
vn -0.0023 0.5455 0.8381
vn 0.5083 0.8612 -0.0000
vn -0.9988 -0.0349 -0.0333
vn -0.9719 -0.1288 -0.1972
vn -0.9728 -0.1246 0.1953
vn 0.1008 0.9758 -0.1942
vn 0.2338 0.9681 0.0900
vn 0.1593 0.9859 -0.0509
vn -0.1598 0.9855 -0.0568
vn -0.0536 0.9972 -0.0517
vn -0.1977 0.9591 0.2026
vn 0.3467 0.9355 0.0680
vn 0.0033 0.8876 0.4606
vn 0.1689 0.9842 0.0528
vn 0.1670 0.9847 -0.0492
vn -0.2290 0.9352 0.2701
vn -0.1631 0.9294 0.3312
vn -0.0000 0.6634 0.7483
vn -0.5153 0.5121 0.6872
vn -0.2403 0.9691 0.0548
vn 0.4797 0.4271 0.7665
vn 0.0435 -0.2488 -0.9676
vn -0.2016 -0.0369 -0.9788
vn -0.8414 0.4902 -0.2275
vn 0.4915 0.8221 -0.2872
vn -0.9765 -0.2157 -0.0032
vn -0.9057 -0.1440 0.3986
vn -0.7885 0.5963 -0.1506
vn -0.2320 0.8446 -0.4825
vn 0.9573 -0.2742 0.0913
vn 0.4164 0.7598 0.4993
vn 0.7974 0.5681 -0.2034
vn 0.5083 -0.8612 -0.0000
vn 0.5043 -0.8635 -0.0000
vn -0.1074 -0.9187 0.3801
vn -0.0962 -0.9197 0.3806
vn -0.3486 -0.9296 -0.1199
vn -0.9997 -0.0056 0.0226
vn -0.2489 0.4898 0.8356
vn -0.6882 -0.0000 0.7255
vn -0.9973 -0.0622 -0.0393
vn 0.8380 0.2454 0.4873
vn 0.7758 0.6309 0.0076
vn 0.0137 0.5874 -0.8092
vn -0.8424 0.2347 0.4850
vn 0.4769 0.2455 -0.8440
vn -0.7886 0.3417 -0.5113
vn -0.1183 0.6513 -0.7495
vn -0.6224 -0.0446 -0.7814
vn 0.9970 -0.0218 -0.0742
vn 0.2455 0.8440 -0.4769
vn 0.6309 0.7758 -0.0076
vn 0.9942 -0.0762 -0.0762
vn 0.0063 -0.0409 0.9991
vn 0.4873 0.8380 0.2454
vn -0.4898 0.8397 0.2347
vn -0.0056 -0.0396 0.9992
vn -0.1116 -0.9288 0.3534
vn -0.1012 -0.9150 0.3906
vn -0.3269 -0.9397 -0.1001
vn -0.0000 -0.9435 -0.3314
vn 0.8951 0.3475 -0.2795
vn -0.3362 0.9230 -0.1870
vn 0.8651 0.2219 0.4498
vn 0.8651 -0.2219 0.4498
vn 0.3314 -0.0001 0.9435
vn 0.3314 -0.0000 0.9435
vn -0.8931 0.3538 0.2780
vn 0.3424 0.9196 0.1925
vn -0.1049 0.8972 -0.4290
vn -0.6840 0.7072 0.1786
vn 0.0976 0.8939 0.4376
vn 0.6941 0.6999 -0.1683
vn 0.5152 0.8419 -0.1606
vn 0.8692 0.4942 0.0174
vn 0.4514 0.6504 0.6110
vn -0.2686 0.7682 -0.5811
vn -0.5845 0.7729 -0.2469
vn -0.5922 0.8048 0.0408
vn -0.0221 0.5487 -0.8357
vn 0.9267 0.3759 -0.0000
vn -0.2708 -0.1777 -0.9461
vn -0.3565 0.9215 0.1542
vn 0.0232 0.7383 -0.6740
vn -0.0178 0.8998 0.4359
vn 0.9765 0.2153 -0.0141
vn -0.9557 0.2942 0.0014
vn 0.5189 0.8419 -0.1482
vn -0.1708 0.7682 -0.6170
vn -0.5680 0.6504 -0.5044
vn -0.6581 0.4942 0.5681
vn 0.4285 0.7729 -0.4680
vn 0.0361 0.8048 0.5925
vn 0.1032 0.5487 0.8296
vn 0.3812 0.9215 0.0743
vn -0.5444 -0.1777 -0.8198
vn -0.4870 0.3759 -0.7884
vn 0.4946 0.7383 0.4585
vn -0.3180 0.8998 -0.2986
vn 0.8268 0.2942 -0.4795
vn -0.5054 0.2153 -0.8356
vn 0.5528 0.5529 0.6235
vn -0.0000 -0.5210 0.8536
vn 0.0088 -0.3702 0.9289
vn -0.8055 -0.4022 0.4352
vn -0.4512 -0.8055 0.3841
vn -0.9130 -0.0088 -0.4078
vn -0.8289 -0.5586 -0.0294
vn -0.9994 -0.0000 -0.0356
vn -0.9432 -0.3137 0.1093
vn -0.9762 -0.0000 0.2167
vn -0.4549 -0.0000 0.8905
vn -0.6749 -0.2737 0.6853
vn -0.1405 -0.1405 0.9801
vn -0.0118 0.9855 0.1691
vn 0.0131 0.9855 0.1694
vn 0.0087 0.9940 0.1091
vn -0.0081 0.9936 0.1127
vn -0.0000 0.9865 0.1638
vn -0.0055 0.8800 0.4749
vn 0.1403 0.9883 -0.0596
vn 0.1832 0.9783 -0.0967
vn -0.0000 -0.5311 -0.8473
vn -0.0034 0.9237 -0.3832
vn 0.3702 0.9289 -0.0086
vn -0.9577 0.0724 -0.2786
vn -0.1899 -0.2870 -0.9389
vn -0.0838 -0.1840 -0.9793
vn -0.2463 0.9069 -0.3419
vn -0.7894 0.4471 0.4207
vn -0.9196 -0.2604 -0.2941
vn -0.7463 -0.0262 -0.6651
vn -0.7288 0.6703 0.1400
vn -0.2240 0.8006 0.5558
vn -0.0849 -0.1362 0.9870
vn 0.0089 -0.1379 0.9904
vn 0.7826 0.0147 0.6223
vn -0.6212 0.7826 -0.0401
vn -0.9840 -0.0089 -0.1782
vn -0.1828 0.9793 0.0865
vn 0.0209 0.9681 -0.2499
vn 0.2286 0.9727 0.0385
vn -0.1363 0.9870 -0.0846
vn -0.3176 0.9342 -0.1627
vn -0.0070 0.9580 0.2866
vn 0.0091 0.9674 0.2532
vn -0.2978 0.9431 -0.1477
vn -0.0415 0.9743 0.2216
vn 0.1379 0.9904 -0.0087
vn -0.3028 0.9106 0.2814
vn 0.2507 0.9292 0.2715
vn 0.9215 0.3580 -0.1506
vn -0.7872 0.6133 0.0643
vn -0.8408 -0.4094 -0.3543
vn -0.6056 -0.3019 -0.7363
vn -0.8408 0.1484 -0.5207
vn -0.3580 0.1506 0.9215
vn -0.0471 -0.0000 0.9989
vn 0.0391 -0.0391 0.9985
vn 0.8358 0.0186 0.5487
vn -0.1259 -0.1969 0.9723
vn 0.0117 -0.2277 0.9737
vn -0.5475 0.8358 -0.0410
vn -0.9960 0.0391 -0.0798
vn -0.9836 -0.1667 -0.0683
vn -0.7638 -0.0000 0.6454
vn -0.2309 -0.2673 -0.9355
vn -0.3785 0.5093 -0.7729
vn 0.0616 0.1517 -0.9865
vn 0.1982 -0.1120 -0.9737
vn -0.1359 -0.1950 -0.9713
vn -0.1813 0.0078 -0.9834
vn -0.9635 -0.0117 -0.2673
vn -0.9745 -0.2123 0.0723
vn -0.1941 0.9732 0.1232
vn 0.1069 0.9708 0.2149
vn -0.1972 0.9723 -0.1255
vn 0.2277 0.9737 -0.0114
vn -0.5108 -0.0000 -0.8597
vn -0.9911 -0.1265 -0.0405
vn -0.9934 -0.1070 -0.0406
vn -0.5676 0.8230 -0.0232
vn -0.5043 0.8635 -0.0000
vn -0.0000 0.5083 0.8612
vn 0.1265 -0.0000 0.9920
vn -0.0000 0.8381 0.5455
vn 0.8159 -0.0000 -0.5781
vn 0.0948 -0.0000 -0.9955
vn -0.0123 -0.0000 -0.9999
vn -0.0106 0.5043 -0.8635
vn -0.9250 0.2560 -0.2808
vn -0.9685 0.0241 -0.2477
vn -0.9435 -0.3251 0.0647
vn -0.9292 0.3696 0.0006
vn 0.8845 -0.1999 0.4216
vn 0.0464 0.1329 -0.9900
vn -0.5541 0.6332 -0.5404
vn 0.9252 0.3789 -0.0188
vn -0.1597 0.7034 0.6927
vn -0.3948 -0.0000 0.9188
vn 0.2756 -0.2590 0.9257
vn 0.1067 0.6427 0.7586
vn 0.9514 -0.1772 0.2521
vn 0.8724 -0.4686 -0.1393
vn -0.3237 0.9007 0.2899
vn -0.1906 0.9091 0.3704
vn 0.0871 0.3175 0.9442
vn 0.2269 0.2361 0.9449
vn 0.3433 0.0620 -0.9372
vn 0.0678 0.7681 -0.6367
vn -0.2864 0.0315 -0.9576
vn -0.3407 0.0638 -0.9380
vn -0.0979 0.5348 -0.8393
vn -0.0031 0.3305 -0.9438
vn 0.2202 -0.9263 0.3057
vn 0.1000 -0.9908 -0.0912
vn -0.9991 -0.0255 -0.0331
vn -0.9761 -0.1832 -0.1171
vn 0.9955 0.0859 -0.0389
vn 0.9972 0.0425 0.0621
vn 0.9358 -0.1277 0.3285
vn 0.9284 0.0719 -0.3646
vn 0.0990 -0.3556 -0.9294
vn -0.4094 0.0093 -0.9123
vn -0.9207 -0.2756 -0.2763
vn -0.9348 -0.1092 0.3381
vn -0.9991 -0.0413 0.0023
vn -0.2454 0.8410 0.4821
vn -0.9121 0.1012 0.3972
vn -0.8807 0.2785 0.3831
vn -0.9603 -0.2435 -0.1363
vn -0.9919 -0.0009 0.1268
vn -0.2527 0.2338 0.9389
vn 0.2881 0.2881 0.9132
vn -0.0757 -0.0758 0.9942
vn -0.4766 -0.0365 0.8783
vn -0.3883 -0.0000 -0.9215
vn 0.1012 0.3818 -0.9187
vn 0.0009 -0.1100 -0.9939
vn 0.1447 -0.0000 -0.9895
vn 0.0200 0.9992 -0.0346
vn 0.0070 0.9991 0.0408
vn -0.1447 0.9895 -0.0000
vn 0.1100 0.9939 0.0009
vn -0.0067 0.9970 0.0770
vn 0.0434 0.9975 0.0561
vn -0.0120 0.9879 -0.1544
vn 0.0757 0.9942 -0.0758
vn 0.1077 0.9942 -0.0000
vn -0.0884 0.9960 0.0085
vn 0.2641 0.9460 0.1882
vn -0.0367 -0.0680 -0.9970
vn -0.4924 0.8350 -0.2455
vn 0.2402 0.9516 0.1916
vn 0.2226 0.9397 -0.2595
vn -0.0000 0.9435 -0.3314
vn -0.3130 -0.0000 -0.9498
vn 0.0838 0.3610 -0.9288
vn 0.0008 -0.0968 -0.9953
vn -0.0033 -0.0000 -1.0000
vn -0.9226 0.0838 0.3766
vn -0.8749 0.2863 0.3907
vn -0.9664 -0.2180 -0.1365
vn -0.9935 -0.0008 0.1137
vn 0.0093 0.9167 0.3994
vn 0.3561 0.9283 0.1073
vn -0.0000 0.9188 -0.3948
vn 0.2616 0.9257 -0.2731
vn 0.3232 0.9238 0.2051
vn 0.1804 0.9247 -0.3353
vn -0.3819 0.9241 -0.0141
vn -0.3172 0.9257 0.2059
vn -0.9940 0.0842 0.0692
vn -0.9981 0.0448 -0.0417
vn -0.9529 -0.2566 -0.1619
vn -0.9400 -0.1290 0.3157
vn 0.0494 0.1202 0.9915
vn -0.0580 0.0771 0.9953
vn 0.0204 -0.3070 0.9515
vn 0.3299 -0.1161 0.9369
vn -0.0626 0.1218 -0.9906
vn 0.0588 0.0766 -0.9953
vn 0.1776 -0.2589 -0.9494
vn -0.1966 -0.2545 -0.9469
vn -0.0000 1.0000 0.0033
vn 0.0968 0.9953 0.0007
vn 0.8055 -0.4022 0.4352
vn -0.3242 -0.1788 0.9289
vn 0.4512 -0.8055 0.3841
vn 0.9994 -0.0000 -0.0356
vn 0.8148 -0.3943 -0.4250
vn 0.9209 -0.3242 -0.2165
vn 0.9432 -0.3137 0.1093
vn 0.8319 -0.0610 0.5515
vn 0.4549 -0.0000 0.8905
vn 0.9762 -0.0000 0.2167
vn 0.0118 0.9855 0.1691
vn 0.0081 0.9936 0.1127
vn -0.0087 0.9940 0.1091
vn -0.0131 0.9855 0.1694
vn 0.0055 0.8800 0.4749
vn -0.2447 0.9695 0.0155
vn -0.3236 0.9237 0.2052
vn -0.1877 0.9289 -0.3192
vn -0.2692 0.5967 -0.7560
vn 0.2463 0.9069 -0.3419
vn 0.2018 -0.0126 -0.9793
vn 0.0378 -0.0482 -0.9981
vn 0.7509 -0.0000 -0.6605
vn 0.8808 0.0401 0.4718
vn 0.9520 -0.2170 -0.2161
vn 0.9420 -0.0000 0.3355
vn 0.6794 0.4790 0.5558
vn -0.4181 0.6618 0.6223
vn -0.1236 -0.0617 0.9904
vn 0.0849 -0.1362 0.9870
vn 0.5948 0.4181 -0.6866
vn 0.9871 -0.1236 -0.1021
vn -0.1641 0.9681 -0.1896
vn 0.0101 0.9793 0.2019
vn -0.1627 0.9727 0.1653
vn 0.1363 0.9870 -0.0846
vn 0.1097 0.9342 -0.3395
vn 0.1080 0.9431 -0.3144
vn -0.2514 0.9674 -0.0318
vn 0.1884 0.9580 0.2162
vn 0.1617 0.9743 0.1571
vn -0.0652 0.9904 -0.1218
vn 0.4131 0.9106 -0.0148
vn -0.0112 0.9292 -0.3694
vn -0.9215 0.2039 -0.3305
vn 0.8989 0.3129 0.3068
vn -0.1010 0.4503 -0.8871
vn 0.3731 -0.4211 -0.8267
vn 0.7337 -0.3425 -0.5868
vn 0.2039 0.3305 0.9215
vn -0.4441 0.7083 0.5487
vn -0.0000 0.0553 0.9985
vn 0.0333 0.0333 0.9989
vn -0.2027 -0.1045 0.9737
vn 0.1259 -0.1969 0.9723
vn 0.5193 0.4441 -0.7301
vn 0.7205 0.4758 -0.5045
vn 0.9813 -0.1437 -0.1279
vn 0.9976 -0.0553 -0.0407
vn 0.6157 0.1537 -0.7729
vn 0.0671 -0.3469 -0.9355
vn -0.0419 0.1601 -0.9862
vn 0.0665 0.1589 -0.9851
vn 0.1359 -0.1950 -0.9713
vn 0.0062 -0.2399 -0.9708
vn 0.9798 -0.0079 0.2001
vn 0.9686 -0.2027 -0.1442
vn -0.2400 0.9708 0.0047
vn 0.1941 0.9732 0.1232
vn 0.1972 0.9723 -0.1255
vn -0.1103 0.9737 -0.1996
vn 0.5153 0.4151 -0.7497
vn 0.5866 0.6792 0.4411
vn 0.9934 -0.1070 -0.0406
vn 0.9911 -0.1265 -0.0405
vn 0.5043 0.8635 0.0062
vn -0.4151 0.7281 0.5455
vn -0.1265 -0.0000 0.9920
vn -0.6722 0.4647 -0.5764
vn 0.0106 0.5043 -0.8635
vn 0.0123 -0.0000 -0.9999
vn -0.0948 -0.0000 -0.9955
vn 0.9332 0.3251 -0.1528
vn 0.9439 0.2828 0.1706
vn 0.9633 0.1220 0.2390
vn 0.9746 -0.2095 -0.0788
vn -0.2081 0.4495 -0.8687
vn -0.9256 0.3782 -0.0153
vn 0.5541 0.6332 -0.5405
vn -0.0464 0.1329 -0.9900
vn 0.1597 0.7034 0.6927
vn -0.1115 0.5805 0.8066
vn -0.1085 -0.3623 0.9257
vn 0.3948 0.0002 0.9188
vn -0.8649 -0.2176 -0.4524
vn -0.7363 -0.6679 0.1084
vn 0.8546 0.4270 0.2956
vn -0.2957 0.0971 0.9503
vn -0.0756 0.6182 0.7824
vn 0.4186 0.1567 0.8946
vn -0.2636 0.2325 -0.9362
vn 0.3401 0.0670 -0.9380
vn -0.0851 0.8732 -0.4800
vn -0.1822 0.0868 -0.9794
vn 0.0979 0.5348 -0.8393
vn -0.0052 0.3363 -0.9417
vn -0.2202 -0.9263 0.3057
vn -0.1000 -0.9908 -0.0913
vn 0.9994 -0.0316 -0.0151
vn 0.9785 -0.1075 -0.1763
vn -0.9986 0.0495 -0.0190
vn -0.9458 -0.1259 -0.2994
vn -0.9160 0.0698 0.3950
vn -0.9928 0.0840 0.0850
vn 0.4094 0.0093 -0.9123
vn -0.2614 -0.2541 -0.9312
vn 0.9329 -0.2716 0.2367
vn 0.9188 -0.1085 -0.3796
vn 0.2454 0.4873 0.8380
vn 0.9991 -0.0063 0.0409
vn 0.9169 0.3815 0.1175
vn 0.9922 -0.0560 0.1115
vn 0.9046 -0.0000 0.4262
vn 0.9495 0.0288 -0.3125
vn 0.8644 0.2630 0.4285
vn 0.5716 -0.1862 0.7992
vn -0.0560 -0.0947 -0.9939
vn -0.3815 0.1020 -0.9187
vn -0.0364 0.9992 -0.0165
vn -0.0950 0.9939 0.0554
vn 0.0372 0.9991 -0.0183
vn 0.0506 0.9970 0.0585
vn -0.0725 0.9879 -0.1369
vn 0.0012 0.9975 0.0710
vn -0.0762 0.9942 0.0762
vn 0.0055 0.9460 -0.3242
vn 0.0679 0.9960 -0.0572
vn 0.8440 0.4769 -0.2455
vn 0.0218 -0.0742 -0.9970
vn 0.0001 0.9435 -0.3314
vn -0.3269 0.9397 -0.1001
vn -0.0770 0.9516 0.2975
vn 0.3130 -0.0000 -0.9498
vn 0.0033 -0.0000 -1.0000
vn -0.0492 -0.0834 -0.9953
vn -0.3549 0.1067 -0.9288
vn 0.9269 0.3549 0.1224
vn 0.9937 -0.0492 0.1002
vn 0.9748 -0.0245 -0.2217
vn 0.9455 0.0322 -0.3239
vn -0.2529 0.9283 0.2727
vn -0.0093 0.9167 0.3994
vn -0.0002 0.9188 -0.3948
vn -0.3626 0.9257 -0.1072
vn -0.1810 0.9238 0.3373
vn 0.3777 0.9257 0.0199
vn 0.3216 0.9241 -0.2066
vn -0.3205 0.9247 -0.2056
vn 0.9981 0.0406 0.0453
vn 0.9523 -0.2591 0.1614
vn 0.9407 -0.1272 -0.3145
vn 0.9944 0.0848 -0.0636
vn -0.0641 0.0769 0.9950
vn -0.1862 -0.2576 0.9481
vn 0.1851 -0.2599 0.9477
vn 0.0447 0.1163 0.9922
vn 0.0779 0.0768 -0.9940
vn -0.0087 -0.3029 -0.9530
vn -0.3223 -0.1155 -0.9396
vn -0.0428 0.1237 -0.9914
vn -0.0837 0.9953 0.0487
vn -0.0000 0.6584 -0.7527
vn 0.7320 0.4348 -0.5245
vn 0.9622 0.0416 0.2693
vn 0.9021 0.1495 0.4047
vn 0.9621 0.0417 0.2694
vn 0.9165 0.2273 -0.3291
vn 0.9860 0.0004 -0.1666
vn 0.9860 0.0003 -0.1666
vn 0.9165 0.2273 -0.3292
vn 0.9949 -0.0213 -0.0981
vn 0.9950 -0.0213 -0.0981
vn 0.9986 0.0252 -0.0474
vn 0.9947 0.0952 -0.0394
vn 0.9947 0.0954 -0.0391
vn 0.9947 0.0952 0.0394
vn 0.9947 0.0954 0.0391
vn 0.9986 0.0252 0.0474
vn 0.9950 -0.0197 0.0976
vn -0.5090 0.8604 0.0253
vn -0.5090 0.8604 0.0255
vn -0.5082 0.8597 0.0503
vn -0.5082 0.8597 0.0518
vn -0.5074 0.8588 0.0712
vn -0.5059 0.8512 -0.1401
vn -0.5093 0.8591 -0.0501
vn -0.0000 0.5325 0.8464
vn -0.5091 0.8605 0.0207
vn -0.5091 0.8605 0.0209
vn -0.5088 0.8098 0.2921
vn -0.5095 0.8602 -0.0209
vn -0.5095 0.8601 -0.0254
vn -0.5095 0.8601 -0.0253
vn -0.0000 0.4130 0.9107
vn -0.7320 0.4348 -0.5245
vn -0.9621 0.0417 0.2694
vn -0.9021 0.1495 0.4047
vn -0.9165 0.2273 -0.3291
vn -0.9165 0.2273 -0.3292
vn -0.9860 0.0003 -0.1666
vn -0.9860 0.0004 -0.1666
vn -0.9950 -0.0213 -0.0981
vn -0.9949 -0.0213 -0.0981
vn -0.9986 0.0252 -0.0474
vn -0.9947 0.0954 -0.0391
vn -0.9947 0.0952 -0.0394
vn -0.9947 0.0954 0.0391
vn -0.9947 0.0952 0.0394
vn -0.9986 0.0252 0.0474
vn -0.9950 -0.0197 0.0977
vn -0.9950 -0.0197 0.0976
vn 0.5090 0.8604 0.0253
vn 0.5082 0.8597 0.0503
vn 0.5090 0.8604 0.0255
vn 0.5082 0.8597 0.0518
vn 0.5074 0.8588 0.0711
vn 0.5074 0.8588 0.0712
vn 0.5059 0.8512 -0.1401
vn 0.5093 0.8591 -0.0501
vn 0.5091 0.8605 0.0207
vn 0.5091 0.8605 0.0209
vn 0.5088 0.8098 0.2921
vn 0.5095 0.8602 -0.0209
vn 0.5095 0.8601 -0.0253
vn 0.5095 0.8601 -0.0251
vn 0.8855 -0.2643 0.3822
vn 0.7110 -0.4483 0.5417
vn -0.0000 -0.5328 -0.8463
vn 0.8814 -0.1626 -0.4435
vn 0.9631 -0.0322 -0.2671
vn 0.9532 -0.0523 -0.2977
vn 0.9960 0.0190 -0.0876
vn 0.9990 -0.0274 -0.0346
vn 0.9991 -0.0253 -0.0351
vn 0.9943 -0.1033 -0.0280
vn 0.9950 -0.0954 0.0290
vn 0.9991 -0.0253 0.0351
vn 0.9952 0.0214 0.0958
vn 0.9829 -0.0026 0.1843
vn -0.0000 -0.6585 0.7526
vn -0.7110 -0.4483 0.5418
vn -0.8855 -0.2643 0.3822
vn -0.8814 -0.1626 -0.4435
vn -0.9960 0.0190 -0.0875
vn -0.9532 -0.0524 -0.2978
vn -0.9570 -0.0451 -0.2867
vn -0.9990 -0.0246 -0.0377
vn -0.9990 -0.0276 -0.0346
vn -0.9942 -0.1038 -0.0279
vn -0.9950 -0.0954 0.0290
vn -0.9991 -0.0253 0.0351
vn -0.9952 0.0214 0.0958
vn -0.9829 -0.0026 0.1843
vn 0.6613 -0.3015 0.6868
vn 0.0270 -0.9594 0.2807
vn -0.1999 -0.9522 0.2310
vn -0.0642 -0.9326 -0.3552
vn -0.9336 -0.3298 0.1401
vn 0.0099 -0.1400 -0.9901
vn -0.0232 -0.9595 0.2807
vn -0.6614 -0.3015 0.6868
vn -0.0099 -0.1400 -0.9901
vn -0.5078 -0.2418 -0.8269
vn 0.1956 -0.9400 -0.2797
vn 0.0194 -0.9515 0.3071
vn -0.0760 0.0665 -0.9949
vn 0.0570 0.0666 -0.9962
vn 0.0626 0.0675 0.9958
vn -0.0571 0.0688 0.9960
vn -0.9868 0.1618 -0.0073
vn -0.9876 0.1565 0.0068
vn 0.9882 0.1509 0.0246
vn 0.9872 0.1590 0.0111
vn 0.0760 0.0665 -0.9949
vn -0.0570 0.0666 -0.9962
vn -0.0626 0.0675 0.9958
vn 0.0571 0.0688 0.9960
vn 0.9868 0.1618 -0.0073
vn 0.9876 0.1565 0.0068
vn -0.9882 0.1509 0.0246
vn -0.9872 0.1590 0.0111
vn -0.0000 -0.3993 0.9168
vn -0.4309 -0.3151 0.8456
vn -0.5429 -0.8355 -0.0850
vn -0.9392 0.3169 -0.1320
vn -0.4293 0.3255 0.8425
vn -0.0000 0.4136 0.9105
vn -0.0000 -1.0000 0.0053
vn -0.3283 -0.9007 -0.2846
vn -0.9263 -0.3623 -0.1030
vn -0.2827 -0.9587 -0.0321
vn -0.1364 0.9896 0.0459
vn -0.0769 0.9969 -0.0161
vn -0.0000 -0.8099 -0.5866
vn -0.4046 -0.6434 -0.6498
vn 0.4079 0.0894 0.9086
vn 0.3281 0.3281 0.8858
vn -0.0000 0.0022 1.0000
vn 0.1153 0.0855 0.9896
vn -0.0000 -0.9823 -0.1871
vn -0.2401 -0.9323 -0.2705
vn -0.4575 0.0038 0.8892
vn 0.1315 -0.0633 0.9893
vn -0.0946 0.9955 0.0001
vn -0.1976 0.4055 0.8925
vn 0.0126 -0.9999 0.0053
vn 0.0042 -0.9191 -0.3940
vn 0.0108 0.9975 0.0700
vn -0.4375 -0.0002 0.8992
vn 0.0167 -0.9822 -0.1870
vn -0.2519 0.0042 0.9677
vn 0.1617 -0.1298 0.9783
vn -0.0000 -1.0000 -0.0060
vn -0.3132 -0.9490 0.0356
vn -0.2354 -0.9409 0.2434
vn 0.4646 -0.8845 -0.0433
vn 0.0588 0.4035 -0.9131
vn 0.1759 0.0062 -0.9844
vn -0.0000 0.0022 -1.0000
vn -0.4642 -0.0000 -0.8857
vn -0.0000 -0.9835 0.1810
vn -0.2690 -0.9232 0.2745
vn 0.0473 -0.2790 -0.9591
vn -0.0000 -0.0418 -0.9991
vn 0.5429 -0.8355 -0.0850
vn 0.4308 -0.3151 0.8456
vn 0.4292 0.3255 0.8425
vn 0.7828 0.4998 -0.3707
vn 0.2827 -0.9587 -0.0321
vn 0.2172 -0.9462 -0.2399
vn -0.0252 0.9952 -0.0944
vn 0.4047 -0.6434 -0.6498
vn -0.0540 0.4141 0.9086
vn -0.1422 0.0069 0.9898
vn 0.2401 -0.9323 -0.2705
vn -0.0624 -0.1297 0.9896
vn 0.4575 0.0041 0.8892
vn 0.0945 0.9955 0.0001
vn 0.1976 0.4055 0.8925
vn -0.0126 -0.9999 0.0053
vn -0.0040 -0.9191 -0.3940
vn -0.0108 0.9975 0.0700
vn 0.4375 -0.0000 0.8992
vn -0.0219 -0.9821 -0.1871
vn -0.0456 -0.2008 0.9786
vn 0.2519 0.0041 0.9677
vn -0.4740 -0.0725 -0.8775
vn 0.1462 -0.1561 -0.9769
vn -0.9922 -0.0002 -0.1247
vn -0.9962 -0.0787 -0.0364
vn -0.7023 0.7102 -0.0487
vn -0.7225 0.6853 -0.0914
vn -0.7228 -0.0013 -0.6910
vn -0.0000 -0.0021 -1.0000
vn 0.0015 1.0000 0.0068
vn -0.0000 1.0000 0.0055
vn -0.0000 0.9986 0.0533
vn 0.0016 0.9120 -0.4101
vn 0.0004 0.9692 -0.2465
vn -0.0000 0.9970 -0.0778
vn -0.4728 0.6972 -0.5389
vn -0.2125 -0.0000 -0.9772
vn -0.5286 -0.0000 -0.8489
vn -0.3896 0.0568 -0.9192
vn -0.9818 -0.0000 -0.1902
vn -0.4540 -0.0000 0.8910
vn -0.1721 -0.0000 0.9851
vn -0.6744 0.7201 -0.1629
vn -0.6267 0.7752 -0.0792
vn 0.0025 1.0000 0.0077
vn -0.0000 1.0000 0.0069
vn -0.0000 0.9985 0.0540
vn 0.0030 0.9986 0.0533
vn 0.0003 0.9970 -0.0775
vn -0.0000 0.9969 -0.0781
vn -0.3943 0.7922 -0.4658
vn 0.0001 0.9029 -0.4299
vn -0.9922 -0.0002 0.1247
vn -0.5387 0.8397 0.0678
vn -0.3494 0.9236 0.1578
vn -0.9926 0.0234 0.1188
vn -0.0000 -0.0021 1.0000
vn -0.7550 -0.0012 0.6558
vn -0.0000 0.9999 -0.0110
vn -0.0000 0.9985 -0.0544
vn -0.0000 0.9985 -0.0549
vn -0.0000 1.0000 -0.0065
vn -0.0000 0.9969 0.0781
vn -0.0002 0.9969 0.0782
vn -0.0000 0.8040 0.5946
vn -0.3495 0.8521 0.3895
vn 0.6423 -0.0512 -0.7647
vn 0.9922 -0.0002 -0.1247
vn 0.7225 0.6853 -0.0914
vn 0.5411 0.8359 -0.0919
vn 0.9964 0.0231 -0.0810
vn 0.7228 -0.0013 -0.6910
vn -0.0012 1.0000 0.0068
vn -0.0019 0.9120 -0.4101
vn -0.0002 0.9692 -0.2465
vn 0.0001 0.9970 -0.0778
vn 0.4728 0.6972 -0.5389
vn 0.2125 -0.0000 -0.9772
vn 0.3896 0.0568 -0.9192
vn 0.5286 -0.0000 -0.8489
vn 0.9818 -0.0000 -0.1902
vn 0.4540 -0.0000 0.8910
vn 0.1721 -0.0000 0.9851
vn 0.6267 0.7752 -0.0792
vn 0.4387 0.8918 -0.1109
vn -0.0025 1.0000 0.0077
vn -0.0030 0.9986 0.0533
vn -0.0006 0.9970 -0.0776
vn -0.0000 0.9029 -0.4299
vn 0.3943 0.7922 -0.4658
vn -0.0000 0.4130 -0.9107
vn -0.4754 0.3101 -0.8233
vn -0.8091 0.4992 0.3100
vn 0.2185 0.9739 0.0610
vn -0.0089 0.9951 0.0981
vn 0.9248 0.3654 0.1059
vn 0.4754 0.3101 -0.8233
vn 0.9245 -0.3715 0.0857
vn 0.3132 -0.9490 0.0356
vn 0.0920 0.9949 0.0415
vn -0.3996 0.0813 -0.9131
vn -0.1437 0.1037 -0.9842
vn 0.2690 -0.9232 0.2745
vn -0.2110 -0.1904 -0.9587
vn -0.2286 -0.0320 0.9730
vn -0.6342 -0.0492 0.7716
vn -0.5766 -0.0000 0.8170
vn -0.9818 -0.0000 0.1902
vn -0.5001 -0.0000 -0.8660
vn 0.5766 -0.0000 0.8170
vn 0.5050 -0.0462 0.8619
vn 0.9818 -0.0000 0.1902
vn 0.5001 -0.0000 -0.8660
vn 0.9922 -0.0002 0.1247
vn 0.9925 -0.1031 0.0653
vn 0.6654 0.6977 0.2656
vn 0.5387 0.8397 0.0678
vn 0.7550 -0.0013 0.6558
vn 0.0002 0.9969 0.0782
vn 0.3496 0.8521 0.3895
vn -0.0000 1.0000 -0.0059
vn -0.0000 0.9795 -0.2012
vn 0.0001 0.9795 -0.2012
vn -0.0000 1.0000 0.0012
vt 0.936669 0.277511
vt 0.913736 0.384694
vt 0.908754 0.384694
vt 0.913736 0.374730
vt 0.908754 0.374730
vt 0.908754 0.383573
vt 0.908754 0.375266
vt 0.908754 0.375824
vt 0.908754 0.376931
vt 0.908754 0.378038
vt 0.908754 0.379145
vt 0.908754 0.380252
vt 0.908754 0.381359
vt 0.908754 0.382466
vt 0.913736 0.376931
vt 0.913736 0.375824
vt 0.913736 0.378038
vt 0.913736 0.379145
vt 0.913736 0.380252
vt 0.913736 0.381359
vt 0.913736 0.382466
vt 0.913736 0.383573
vt 0.913736 0.375266
vt 0.938645 0.376931
vt 0.933663 0.376931
vt 0.933663 0.375824
vt 0.938645 0.375824
vt 0.938645 0.378038
vt 0.933663 0.378038
vt 0.938645 0.379145
vt 0.933663 0.379145
vt 0.938645 0.380252
vt 0.933663 0.380252
vt 0.938645 0.381359
vt 0.933663 0.381359
vt 0.938645 0.382466
vt 0.933663 0.382466
vt 0.938645 0.383573
vt 0.933663 0.383573
vt 0.938645 0.384694
vt 0.933663 0.384694
vt 0.938645 0.375266
vt 0.933663 0.375266
vt 0.933663 0.374730
vt 0.938645 0.374730
vt 0.928681 0.394657
vt 0.923699 0.394657
vt 0.923699 0.389676
vt 0.928681 0.389676
vt 0.020660 0.069107
vt 0.015678 0.069107
vt 0.015678 0.068391
vt 0.020660 0.070214
vt 0.015678 0.070214
vt 0.928681 0.399099
vt 0.923699 0.399099
vt 0.923699 0.398354
vt 0.928681 0.400206
vt 0.923699 0.400206
vt 0.928681 0.401313
vt 0.923699 0.401313
vt 0.929428 0.359364
vt 0.924447 0.359364
vt 0.924447 0.358257
vt 0.929428 0.358257
vt 0.928681 0.403527
vt 0.923699 0.403527
vt 0.923699 0.402420
vt 0.928681 0.402420
vt 0.928681 0.404085
vt 0.923699 0.404085
vt 0.928681 0.395777
vt 0.923699 0.395777
vt 0.928681 0.369749
vt 0.923699 0.369749
vt 0.923699 0.364767
vt 0.928681 0.364767
vt 0.928681 0.404621
vt 0.923699 0.404621
vt 0.020935 0.057406
vt 0.015954 0.056686
vt 0.015954 0.057406
vt 0.020935 0.058513
vt 0.015954 0.058513
vt 0.923699 0.398335
vt 0.937854 0.359014
vt 0.937854 0.357907
vt 0.932873 0.357907
vt 0.932873 0.359014
vt 0.913736 0.245774
vt 0.908754 0.245774
vt 0.908754 0.245238
vt 0.913736 0.245238
vt 0.913736 0.255202
vt 0.908754 0.255202
vt 0.908754 0.254082
vt 0.913736 0.254082
vt 0.923452 0.278018
vt 0.918470 0.278018
vt 0.918470 0.276911
vt 0.923452 0.276911
vt 0.918470 0.275804
vt 0.923452 0.275804
vt 0.923452 0.273590
vt 0.918470 0.273590
vt 0.918470 0.272483
vt 0.923452 0.272483
vt 0.918470 0.271376
vt 0.923452 0.271376
vt 0.918470 0.270269
vt 0.923452 0.270269
vt 0.913736 0.246332
vt 0.908754 0.246332
vt 0.918470 0.274697
vt 0.923452 0.274697
vt 0.908754 0.381293
vt 0.909055 0.379145
vt 0.943626 0.404621
vt 0.909085 0.381293
vt 0.913456 0.381293
vt 0.909169 0.379175
vt 0.908888 0.380185
vt 0.913599 0.381293
vt 0.913603 0.380186
vt 0.913736 0.381293
vt 0.908891 0.381279
vt 0.913613 0.379175
vt 0.913736 0.380186
vt 0.908754 0.380186
vt 0.912648 0.381292
vt 0.913159 0.381293
vt 0.913175 0.380186
vt 0.913216 0.379270
vt 0.910035 0.381291
vt 0.909330 0.381234
vt 0.909538 0.379270
vt 0.909315 0.380181
vt 0.912698 0.380186
vt 0.912763 0.379391
vt 0.909817 0.381176
vt 0.910762 0.381285
vt 0.909956 0.379391
vt 0.912669 0.381292
vt 0.909793 0.380176
vt 0.912102 0.381290
vt 0.912375 0.381291
vt 0.911843 0.381285
vt 0.912487 0.379464
vt 0.912410 0.380186
vt 0.912176 0.381301
vt 0.912212 0.380256
vt 0.911258 0.381265
vt 0.911890 0.381282
vt 0.912185 0.379566
vt 0.910484 0.379566
vt 0.910280 0.380251
vt 0.910080 0.380174
vt 0.911136 0.381278
vt 0.910110 0.381142
vt 0.910308 0.381096
vt 0.910400 0.380073
vt 0.912121 0.380081
vt 0.909296 0.377917
vt 0.909303 0.376943
vt 0.978217 0.165417
vt 0.974319 0.165417
vt 0.974326 0.164443
vt 0.978209 0.164431
vt 0.974425 0.163447
vt 0.978115 0.163447
vt 0.909402 0.375947
vt 0.913093 0.375947
vt 0.913187 0.376931
vt 0.913194 0.377917
vt 0.910131 0.377635
vt 0.910136 0.377222
vt 0.912355 0.377215
vt 0.912360 0.377635
vt 0.924224 0.476848
vt 0.921995 0.476848
vt 0.922000 0.476435
vt 0.924219 0.476428
vt 0.910211 0.379464
vt 0.926413 0.249018
vt 0.924545 0.248813
vt 0.924516 0.247968
vt 0.926448 0.247973
vt 0.913330 0.379145
vt 0.909475 0.379145
vt 0.909489 0.379145
vt 0.913316 0.379145
vt 0.910656 0.379633
vt 0.910599 0.380006
vt 0.911993 0.379633
vt 0.911942 0.380013
vt 0.911877 0.379655
vt 0.910766 0.379655
vt 0.979410 0.174967
vt 0.980753 0.174974
vt 0.911829 0.379991
vt 0.910717 0.379985
vt 0.017607 0.057069
vt 0.017603 0.057115
vt 0.911164 0.379844
vt 0.911424 0.379845
vt 0.911173 0.379799
vt 0.911428 0.379799
vt 0.017343 0.057114
vt 0.017352 0.057069
vt 0.017343 0.057114
vt 0.919532 0.369749
vt 0.919532 0.364767
vt 0.918718 0.364767
vt 0.918718 0.369749
vt 0.919532 0.395777
vt 0.919532 0.394657
vt 0.918718 0.394657
vt 0.918718 0.395777
vt 0.919532 0.404085
vt 0.919532 0.403527
vt 0.918718 0.403527
vt 0.918718 0.404085
vt 0.919532 0.402420
vt 0.918718 0.402420
vt 0.919532 0.401313
vt 0.918718 0.401313
vt 0.919532 0.400206
vt 0.918718 0.400206
vt 0.919532 0.399099
vt 0.918718 0.399099
vt 0.919532 0.397992
vt 0.918718 0.397992
vt 0.919532 0.396885
vt 0.918718 0.396885
vt 0.919532 0.389676
vt 0.918718 0.389676
vt 0.919532 0.404621
vt 0.918718 0.404621
vt 0.919532 0.404621
vt 0.011786 0.056299
vt 0.011786 0.057406
vt 0.011786 0.058513
vt 0.011786 0.058513
vt 0.928705 0.357907
vt 0.928705 0.359014
vt 0.011510 0.069107
vt 0.011510 0.068000
vt 0.011510 0.068000
vt 0.011510 0.070214
vt 0.011510 0.070214
vt 0.919532 0.397992
vt 0.920279 0.359364
vt 0.920279 0.358257
vt 0.919532 0.395777
vt 0.015954 0.058856
vt 0.020935 0.059620
vt 0.923699 0.396164
vt 0.928681 0.396885
vt 0.923699 0.396169
vt 0.015678 0.070576
vt 0.020660 0.071321
vt 0.911164 0.379844
vt 0.911428 0.379799
vt 0.911164 0.379844
vt 0.911428 0.379799
vt 0.936669 0.394177
vt 0.922954 0.383504
vt 0.922954 0.383733
vt 0.920669 0.383504
vt 0.920669 0.383733
vt 0.922954 0.383761
vt 0.920669 0.383761
vt 0.922954 0.384012
vt 0.920669 0.384012
vt 0.927700 0.163288
vt 0.925739 0.163282
vt 0.925747 0.163056
vt 0.927700 0.163032
vt 0.927700 0.163540
vt 0.925886 0.163505
vt 0.927243 0.163288
vt 0.925901 0.163279
vt 0.925913 0.163068
vt 0.927202 0.163068
vt 0.927026 0.163487
vt 0.926106 0.163487
vt 0.922954 0.180983
vt 0.922954 0.180777
vt 0.921452 0.180777
vt 0.921426 0.180970
vt 0.922954 0.181161
vt 0.921770 0.181161
vt 0.925747 0.163056
vt 0.925886 0.163505
vt 0.927026 0.163487
vt 0.926106 0.163487
vt 0.921426 0.180970
vt 0.921770 0.181161
vt 0.921426 0.383748
vt 0.921452 0.383555
vt 0.921770 0.383938
vt 0.922954 0.383555
vt 0.921426 0.383748
vt 0.921770 0.383938
vt 0.922954 0.383938
vt 0.921002 0.383528
vt 0.922456 0.383541
vt 0.921167 0.383541
vt 0.920993 0.383755
vt 0.921141 0.383977
vt 0.921155 0.383752
vt 0.922497 0.383761
vt 0.922281 0.383960
vt 0.921361 0.383960
vt 0.921002 0.383528
vt 0.921141 0.383977
vt 0.922281 0.383960
vt 0.921361 0.383960
s 1
usemtl Material.001
f 2/1/1 1/1/2 8/1/3 7/1/4 6/1/5 5/1/6 4/1/7 3/1/8
f 13/1/9 14/1/10 22/1/10 21/1/9
f 2/1/11 3/1/12 11/1/13 9/1/14
f 7/1/15 8/1/16 16/1/17 15/1/18
f 5/1/19 6/1/20 14/1/21 13/1/22
f 3/1/12 4/1/23 12/1/24 11/1/13
f 1/1/25 2/1/11 9/1/14 10/1/26
f 8/1/16 1/1/25 10/1/26 16/1/17
f 6/1/20 7/1/15 15/1/18 14/1/21
f 4/1/23 5/1/19 13/1/22 12/1/24
f 23/1/27 24/1/28 32/1/29 31/1/30
f 11/1/31 12/1/32 20/1/32 19/1/31
f 10/1/33 9/1/34 17/1/34 18/1/33
f 16/1/35 10/1/33 18/1/33 24/1/35
f 14/1/10 15/1/36 23/1/36 22/1/10
f 12/1/32 13/1/9 21/1/9 20/1/32
f 9/1/34 11/1/31 19/1/31 17/1/34
f 15/1/36 16/1/35 24/1/35 23/1/36
f 25/1/37 27/1/38 28/1/39 29/1/40 30/1/41 31/1/42 32/1/43 26/1/44
f 21/1/45 22/1/46 30/1/47 29/1/48
f 19/1/49 20/1/50 28/1/51 27/1/52
f 18/1/53 17/1/54 25/1/55 26/1/56
f 24/1/28 18/1/53 26/1/56 32/1/29
f 22/1/46 23/1/27 31/1/30 30/1/47
f 20/1/50 21/1/45 29/1/48 28/1/51
f 17/1/54 19/1/49 27/1/52 25/1/55
f 34/1/57 33/1/58 40/1/59 39/1/60 38/1/61 37/1/62 36/1/63 35/1/64
f 45/1/65 46/1/66 54/1/66 53/1/65
f 34/1/67 35/1/68 43/1/18 41/1/17
f 39/1/69 40/1/70 48/1/14 47/1/13
f 37/1/71 38/1/72 46/1/24 45/1/22
f 35/1/68 36/1/73 44/1/21 43/1/18
f 33/1/74 34/1/67 41/1/17 42/1/26
f 40/1/70 33/1/74 42/1/26 48/1/14
f 38/1/72 39/1/69 47/1/13 46/1/24
f 36/1/73 37/1/71 45/1/22 44/1/21
f 55/1/75 56/1/76 64/1/77 63/1/78
f 43/1/79 44/1/80 52/1/80 51/1/79
f 42/1/81 41/1/82 49/1/82 50/1/81
f 48/1/83 42/1/81 50/1/81 56/1/83
f 46/1/66 47/1/84 55/1/84 54/1/66
f 44/1/80 45/1/65 53/1/65 52/1/80
f 41/1/82 43/1/79 51/1/79 49/1/82
f 47/1/84 48/1/83 56/1/83 55/1/84
f 57/1/85 59/1/86 60/1/87 61/1/88 62/1/89 63/1/90 64/1/91 58/1/92
f 53/1/93 54/1/94 62/1/95 61/1/96
f 51/1/97 52/1/98 60/1/99 59/1/100
f 50/1/101 49/1/102 57/1/103 58/1/104
f 56/1/76 50/1/101 58/1/104 64/1/77
f 54/1/94 55/1/75 63/1/78 62/1/95
f 52/1/98 53/1/93 61/1/96 60/1/99
f 49/1/102 51/1/97 59/1/100 57/1/103
f 66/1/57 65/1/58 72/1/59 71/1/60 70/1/61 69/1/62 68/1/63 67/1/64
f 77/1/65 78/1/66 86/1/66 85/1/65
f 66/1/67 67/1/68 75/1/18 73/1/17
f 71/1/69 72/1/70 80/1/14 79/1/13
f 69/1/71 70/1/72 78/1/24 77/1/22
f 67/1/68 68/1/73 76/1/21 75/1/18
f 65/1/74 66/1/67 73/1/17 74/1/26
f 72/1/70 65/1/74 74/1/26 80/1/14
f 70/1/72 71/1/69 79/1/13 78/1/24
f 68/1/73 69/1/71 77/1/22 76/1/21
f 87/1/75 88/1/76 96/1/77 95/1/78
f 75/1/79 76/1/105 84/1/105 83/1/79
f 74/1/81 73/1/82 81/1/82 82/1/81
f 80/1/83 74/1/81 82/1/81 88/1/83
f 78/1/66 79/1/84 87/1/84 86/1/66
f 76/1/105 77/1/65 85/1/65 84/1/105
f 73/1/82 75/1/79 83/1/79 81/1/82
f 79/1/84 80/1/83 88/1/83 87/1/84
f 89/1/85 91/1/86 92/1/87 93/1/88 94/1/89 95/1/90 96/1/91 90/1/92
f 85/1/93 86/1/94 94/1/95 93/1/96
f 83/1/97 84/1/98 92/1/99 91/1/100
f 82/1/101 81/1/102 89/1/103 90/1/104
f 88/1/76 82/1/101 90/1/104 96/1/77
f 86/1/94 87/1/75 95/1/78 94/1/95
f 84/1/98 85/1/93 93/1/96 92/1/99
f 81/1/102 83/1/97 91/1/100 89/1/103
f 98/1/3 99/1/4 100/1/5 101/1/6 102/1/7 103/1/8 104/1/106 97/1/2
f 109/1/9 117/1/9 118/1/107 110/1/107
f 98/1/16 105/1/17 107/1/18 99/1/15
f 103/1/12 111/1/13 112/1/14 104/1/11
f 101/1/19 109/1/22 110/1/24 102/1/23
f 99/1/15 107/1/18 108/1/21 100/1/20
f 97/1/25 106/1/26 105/1/17 98/1/16
f 104/1/11 112/1/14 106/1/26 97/1/25
f 102/1/23 110/1/24 111/1/13 103/1/12
f 100/1/20 108/1/21 109/1/22 101/1/19
f 119/1/49 127/1/108 128/1/109 120/1/54
f 107/1/36 115/1/36 116/1/110 108/1/110
f 106/1/33 114/1/33 113/1/111 105/1/111
f 112/1/112 120/1/112 114/1/33 106/1/33
f 110/1/107 118/1/107 119/1/31 111/1/31
f 108/1/110 116/1/110 117/1/9 109/1/9
f 105/1/111 113/1/111 115/1/36 107/1/36
f 111/1/31 119/1/31 120/1/112 112/1/112
f 121/1/113 122/1/44 128/1/114 127/1/115 126/1/39 125/1/40 124/1/41 123/1/116
f 117/1/45 125/1/48 126/1/51 118/1/50
f 115/1/27 123/1/117 124/1/47 116/1/46
f 114/1/53 122/1/56 121/1/118 113/1/28
f 120/1/54 128/1/109 122/1/56 114/1/53
f 118/1/50 126/1/51 127/1/108 119/1/49
f 116/1/46 124/1/47 125/1/48 117/1/45
f 113/1/28 121/1/118 123/1/117 115/1/27
f 130/1/59 131/1/60 132/1/119 133/1/62 134/1/63 135/1/64 136/1/57 129/1/58
f 141/1/65 149/1/65 150/1/105 142/1/105
f 130/1/70 137/1/14 139/1/13 131/1/69
f 135/1/68 143/1/18 144/1/17 136/1/67
f 133/1/71 141/1/22 142/1/21 134/1/73
f 131/1/69 139/1/13 140/1/24 132/1/72
f 129/1/74 138/1/26 137/1/14 130/1/70
f 136/1/67 144/1/17 138/1/26 129/1/74
f 134/1/73 142/1/21 143/1/18 135/1/68
f 132/1/72 140/1/24 141/1/22 133/1/71
f 151/1/97 159/1/120 160/1/121 152/1/102
f 139/1/84 147/1/84 148/1/66 140/1/66
f 138/1/81 146/1/81 145/1/122 137/1/83
f 144/1/82 152/1/82 146/1/81 138/1/81
f 142/1/105 150/1/105 151/1/79 143/1/79
f 140/1/66 148/1/66 149/1/65 141/1/65
f 137/1/83 145/1/122 147/1/84 139/1/84
f 143/1/79 151/1/79 152/1/82 144/1/82
f 153/1/123 154/1/92 160/1/124 159/1/125 158/1/87 157/1/88 156/1/89 155/1/126
f 149/1/93 157/1/96 158/1/99 150/1/98
f 147/1/75 155/1/127 156/1/95 148/1/94
f 146/1/101 154/1/104 153/1/128 145/1/76
f 152/1/102 160/1/121 154/1/104 146/1/101
f 150/1/98 158/1/99 159/1/120 151/1/97
f 148/1/94 156/1/95 157/1/96 149/1/93
f 145/1/76 153/1/128 155/1/127 147/1/75
f 162/1/59 163/1/60 164/1/119 165/1/62 166/1/63 167/1/64 168/1/57 161/1/58
f 173/1/65 181/1/65 182/1/105 174/1/105
f 162/1/70 169/1/14 171/1/13 163/1/69
f 167/1/68 175/1/18 176/1/17 168/1/67
f 165/1/71 173/1/22 174/1/21 166/1/73
f 163/1/69 171/1/13 172/1/24 164/1/72
f 161/1/74 170/1/26 169/1/14 162/1/70
f 168/1/67 176/1/17 170/1/26 161/1/74
f 166/1/73 174/1/21 175/1/18 167/1/68
f 164/1/72 172/1/24 173/1/22 165/1/71
f 183/1/97 191/1/120 192/1/121 184/1/102
f 171/1/84 179/1/84 180/1/66 172/1/66
f 170/1/81 178/1/81 177/1/83 169/1/83
f 176/1/82 184/1/82 178/1/81 170/1/81
f 174/1/105 182/1/105 183/1/79 175/1/79
f 172/1/66 180/1/66 181/1/65 173/1/65
f 169/1/83 177/1/83 179/1/84 171/1/84
f 175/1/79 183/1/79 184/1/82 176/1/82
f 185/1/123 186/1/92 192/1/124 191/1/125 190/1/87 189/1/88 188/1/89 187/1/126
f 181/1/93 189/1/96 190/1/99 182/1/98
f 179/1/75 187/1/127 188/1/95 180/1/94
f 178/1/101 186/1/104 185/1/128 177/1/76
f 184/1/102 192/1/121 186/1/104 178/1/101
f 182/1/98 190/1/99 191/1/120 183/1/97
f 180/1/94 188/1/95 189/1/96 181/1/93
f 177/1/76 185/1/128 187/1/127 179/1/75
f 263/2/129 288/2/129 293/3/130 193/3/130
f 251/4/131 195/5/132 250/5/133 214/4/26
f 212/6/134 193/3/135 253/3/136 252/6/137
f 246/7/138 205/8/139 255/8/140 254/7/141
f 205/8/139 206/9/142 256/9/143 255/8/140
f 206/9/142 207/10/144 257/10/145 256/9/143
f 207/10/144 208/11/146 258/11/147 257/10/145
f 208/11/146 209/12/148 259/12/149 258/11/147
f 209/12/148 210/13/150 260/13/151 259/12/149
f 210/13/150 211/14/152 261/14/153 260/13/151
f 211/14/152 212/6/134 252/6/137 261/14/153
f 193/3/135 263/2/26 216/2/154 253/3/136
f 262/15/155 264/16/156 232/16/157 231/15/158
f 265/17/155 262/15/155 231/15/158 230/17/158
f 266/18/155 265/17/155 230/17/158 229/18/158
f 267/19/155 266/18/155 229/18/158 228/19/158
f 268/20/155 267/19/155 228/19/158 227/20/158
f 269/21/155 268/20/155 227/20/158 226/21/158
f 270/22/155 269/21/155 226/21/158 225/22/158
f 263/2/159 270/22/155 225/22/158 216/2/26
f 271/23/160 251/4/26 214/4/161 248/23/162
f 195/5/132 246/7/138 254/7/141 250/5/133
f 264/16/156 271/23/160 248/23/162 232/16/157
f 263/2/129 497/3/163 551/3/163 288/2/129
f 251/4/26 214/4/164 530/5/165 499/5/166
f 516/6/167 531/6/168 532/3/169 497/3/170
f 528/7/171 533/7/172 534/8/173 509/8/174
f 509/8/174 534/8/173 535/9/175 510/9/176
f 510/9/176 535/9/175 536/10/177 511/10/153
f 511/10/153 536/10/177 537/11/178 512/11/151
f 512/11/151 537/11/178 538/12/144 513/12/179
f 513/12/179 538/12/144 539/13/142 514/13/180
f 514/13/180 539/13/142 540/14/181 515/14/182
f 515/14/182 540/14/181 531/6/168 516/6/167
f 497/3/170 532/3/169 216/2/26 263/2/131
f 499/5/166 530/5/165 533/7/172 528/7/171
f 203/24/183 223/25/184 224/26/185 204/27/186
f 202/28/187 222/29/188 223/25/184 203/24/183
f 201/30/189 221/31/188 222/29/188 202/28/187
f 200/32/190 220/33/188 221/31/188 201/30/189
f 199/34/191 219/35/188 220/33/188 200/32/190
f 198/36/192 218/37/188 219/35/188 199/34/191
f 197/38/193 217/39/188 218/37/188 198/36/192
f 194/40/194 213/41/195 217/39/188 197/38/193
f 245/42/196 247/43/197 215/44/198 196/45/199
f 194/46/194 234/47/200 243/48/201 213/49/195
f 198/50/192 241/51/202 739/52/203
f 199/53/191 240/54/204 241/51/202 198/50/192
f 200/55/190 239/56/205 741/57/206
f 201/58/189 238/59/207 239/56/205 200/55/190
f 202/60/187 237/61/208 238/59/207 201/58/189
f 203/62/183 236/63/209 237/64/208 202/65/187
f 204/66/186 235/67/210 236/68/209 203/69/183
f 245/70/196 249/71/211 235/67/210 204/66/186
f 197/72/193 242/73/212 234/47/200 194/46/194
f 215/74/198 244/75/213 233/76/214 196/77/199
f 196/78/199 233/79/214 249/71/211 245/70/196
f 204/27/186 224/26/185 247/43/197 245/42/196
f 507/24/215 508/27/216 224/26/185 223/25/184
f 506/28/217 507/24/215 223/25/184 222/29/218
f 505/30/219 506/28/217 222/29/218 221/31/218
f 504/32/220 505/30/219 221/31/218 220/33/218
f 503/34/221 504/32/220 220/33/218 219/35/218
f 502/36/222 503/34/221 219/35/218 218/37/218
f 501/38/223 502/36/222 218/37/218 217/39/218
f 498/40/224 501/38/223 217/39/218 213/41/225
f 527/42/226 500/45/227 215/44/198 247/43/197
f 498/46/224 213/49/225 243/48/201 518/47/228
f 502/80/222 738/81/229 525/82/230
f 503/83/221 502/80/222 525/82/230 524/84/231
f 504/55/220 736/85/232 523/56/233
f 505/58/219 504/55/220 523/56/233 522/59/234
f 506/60/217 505/58/219 522/59/234 521/61/235
f 507/86/215 506/87/217 521/88/235 520/89/236
f 508/66/216 507/69/215 520/68/236 519/67/237
f 527/70/226 508/66/216 519/67/237 529/71/238
f 501/72/223 498/46/224 518/47/228 526/73/239
f 215/74/198 500/77/227 517/76/240 244/75/213
f 500/78/227 527/70/226 529/71/238 517/79/240
f 508/27/216 527/42/226 247/43/197 224/26/185
f 289/90/241 291/91/242 292/92/243 290/93/244
f 288/94/26 293/95/26 272/96/26 273/97/26
f 273/98/26 272/99/26 274/100/26 275/101/26
f 275/101/26 274/100/26 276/102/26 277/103/26
f 277/20/26 276/13/26 278/12/26 279/19/26
f 279/19/26 278/12/26 280/11/26 281/18/26
f 281/104/26 280/105/26 282/106/26 283/107/26
f 283/107/26 282/106/26 284/108/26 285/109/26
f 285/109/26 284/108/26 286/110/245 287/111/246
f 287/112/246 286/113/245 291/91/242 289/90/241
f 295/103/26 294/102/26 296/114/26 297/115/26
f 297/115/26 296/114/26 298/105/26 299/104/26
f 303/116/247 333/116/248 334/116/249 307/116/250
f 301/117/251 310/117/252 309/18/253 300/18/254
f 302/118/251 317/118/251 306/118/251 305/118/251
f 304/18/26 311/18/26 319/117/26 318/117/26
f 318/118/251 319/118/251 310/118/252 301/118/251
f 310/117/252 314/117/252 313/18/252 309/18/253
f 324/119/255 352/119/256 347/120/257 332/120/258
f 328/121/259 353/121/260 342/122/261 330/122/262
f 331/123/263 348/123/264 349/124/265 337/124/266
f 331/123/267 327/125/268 323/125/269 332/120/270
f 324/119/271 334/116/272 333/116/273 329/126/274
f 332/120/275 323/125/276 334/116/272 324/119/271
f 336/127/277 325/18/278 326/128/279 337/124/280
f 337/124/280 326/128/279 327/125/268 331/123/267
f 329/126/274 333/116/273 338/129/281 330/122/282
f 339/130/283 363/130/284 356/131/285 340/131/286
f 340/131/286 356/131/285 358/132/287 343/132/288
f 330/122/262 342/122/261 341/126/289 329/126/290
f 337/124/266 349/124/265 350/127/291 336/127/292
f 336/127/293 350/127/294 353/121/295 328/121/296
f 332/120/297 347/120/298 348/123/264 331/123/263
f 329/126/290 341/126/289 352/119/256 324/119/255
f 340/131/299 348/123/264 347/120/298 339/130/300
f 344/133/301 350/127/302 349/124/303 343/132/304
f 343/132/304 349/124/303 348/123/264 340/131/299
f 345/134/305 352/119/306 341/126/307 351/135/308
f 339/130/309 347/120/310 352/119/306 345/134/305
f 346/136/311 353/121/312 350/127/302 344/133/301
f 351/135/308 341/126/307 342/122/313 354/137/314
f 365/138/315 374/138/316 382/139/317 360/139/318
f 367/140/319 371/140/320 384/141/321 361/141/322
f 360/139/323 382/139/324 385/142/325 362/142/326
f 343/132/288 358/132/287 366/133/327 344/133/328
f 365/138/329 358/132/26 356/131/330 364/143/331
f 362/142/332 385/142/333 373/144/334 370/144/335
f 361/141/322 384/141/321 379/145/336 359/145/337
f 364/143/338 372/143/339 374/138/316 365/138/315
f 359/145/340 379/145/341 372/143/339 364/143/338
f 370/144/335 373/144/334 371/140/320 367/140/319
f 380/146/342 372/143/343 379/145/344 375/147/345
f 376/148/346 382/139/347 374/138/348 381/149/349
f 381/149/349 374/138/348 372/143/343 380/146/342
f 402/150/350 406/150/351 408/151/352 390/151/353
f 393/152/354 410/152/355 409/153/356 391/153/357
f 380/146/358 388/146/359 400/149/360 381/149/361
f 375/147/362 401/147/363 388/146/359 380/146/358
f 397/154/26 417/154/364 418/155/365 398/155/26
f 400/149/360 412/149/366 413/148/367 392/148/368
f 389/156/369 399/157/370 400/149/371 390/151/372
f 402/150/373 388/146/374 401/147/375 391/153/376
f 390/151/372 400/149/371 388/146/374 402/150/373
f 393/152/377 404/158/378 387/159/379 403/160/380
f 391/153/376 401/147/375 404/158/378 393/152/377
f 403/160/380 387/159/379 399/157/370 389/156/369
f 406/150/381 409/153/382 410/152/383 405/160/384
f 390/151/385 408/151/386 407/156/387 389/156/388
f 389/156/389 407/156/390 405/160/391 403/160/392
f 403/160/392 405/160/391 410/152/355 393/152/354
f 391/153/393 409/153/394 406/150/351 402/150/350
f 398/155/26 418/155/365 415/161/395 395/161/26
f 396/162/22 416/162/396 417/154/397 397/154/22
f 416/162/13 417/154/13 421/154/13 420/162/13
f 420/162/398 427/162/399 428/154/400 421/154/398
f 442/17/401 444/15/22 443/9/402 441/10/403
f 444/15/22 446/16/404 445/8/405 443/9/402
f 447/163/406 458/164/407 459/164/408 463/163/409
f 462/165/410 463/166/411 459/167/412 460/168/413
f 460/168/413 459/167/412 464/169/414 461/170/415
f 458/164/407 451/171/416 464/171/417 459/164/408
f 457/172/418 456/173/419 460/173/420 461/172/421
f 455/174/422 447/163/423 463/163/424 462/174/425
f 468/174/426 466/173/22 465/164/427 469/163/428
f 466/173/22 467/172/429 470/171/430 465/164/427
f 475/175/26 471/176/26 489/176/431 492/175/432
f 467/172/18 466/173/18 486/173/18 473/172/18
f 470/171/433 467/172/434 473/172/435 476/171/436
f 466/173/18 468/174/18 487/174/18 486/173/18
f 472/177/26 474/178/26 491/178/437 490/177/438
f 474/178/26 475/175/26 492/175/432 491/178/437
f 471/176/26 472/177/26 490/177/438 489/176/431
f 495/179/439 496/180/440 493/181/441 494/182/442
f 489/181/431 490/182/438 494/182/442 493/181/441
f 289/90/241 290/93/244 550/92/443 549/91/444
f 288/94/26 273/97/26 541/96/26 551/95/26
f 273/98/26 275/101/26 542/100/26 541/99/26
f 275/101/26 277/103/26 543/102/26 542/100/26
f 277/20/26 279/19/26 544/12/26 543/13/26
f 279/19/26 281/18/26 545/11/26 544/12/26
f 281/104/26 283/107/26 546/106/26 545/105/26
f 283/107/26 285/109/26 547/108/26 546/106/26
f 285/109/26 287/111/246 548/110/445 547/108/26
f 287/112/246 289/90/241 549/91/444 548/113/445
f 295/103/26 297/115/26 553/114/26 552/102/26
f 297/115/26 299/104/26 554/105/26 553/114/26
f 557/116/446 560/116/447 577/116/448 576/116/449
f 555/117/251 300/18/254 309/18/253 561/117/252
f 556/118/251 558/118/251 559/118/251 565/118/251
f 304/18/26 566/117/26 567/117/26 311/18/26
f 566/118/251 555/118/251 561/118/252 567/118/251
f 561/117/252 309/18/253 313/18/252 563/117/252
f 571/119/450 332/120/451 347/120/452 593/119/453
f 572/121/454 574/122/455 584/122/456 594/121/457
f 575/123/458 580/124/459 590/124/460 589/123/461
f 575/123/462 332/120/463 323/125/269 327/125/268
f 571/119/464 573/126/465 576/116/466 577/116/467
f 332/120/468 571/119/464 577/116/467 323/125/469
f 579/127/470 580/124/471 326/128/279 325/18/278
f 580/124/471 575/123/462 327/125/268 326/128/279
f 573/126/465 574/122/472 581/129/473 576/116/466
f 339/130/474 582/131/475 356/131/476 602/130/477
f 582/131/475 585/132/478 358/132/479 356/131/476
f 574/122/455 573/126/480 583/126/481 584/122/456
f 580/124/459 579/127/482 591/127/483 590/124/460
f 579/127/484 572/121/485 594/121/486 591/127/487
f 332/120/488 575/123/458 589/123/461 347/120/489
f 573/126/480 571/119/450 593/119/453 583/126/481
f 582/131/490 339/130/491 347/120/489 589/123/461
f 586/133/492 585/132/493 590/124/494 591/127/495
f 585/132/493 582/131/490 589/123/461 590/124/494
f 587/134/496 592/135/497 583/126/498 593/119/499
f 339/130/500 587/134/496 593/119/499 347/120/501
f 588/136/502 586/133/492 591/127/495 594/121/503
f 592/135/497 595/137/504 584/122/505 583/126/498
f 604/138/506 599/139/507 620/139/508 612/138/509
f 605/140/510 600/141/511 622/141/512 609/140/513
f 599/139/514 601/142/515 623/142/516 620/139/517
f 585/132/478 586/133/518 366/133/519 358/132/479
f 604/138/520 603/143/521 356/131/522 358/132/26
f 601/142/523 608/144/524 611/144/525 623/142/526
f 600/141/511 598/145/527 617/145/528 622/141/512
f 603/143/529 604/138/506 612/138/509 610/143/530
f 598/145/531 603/143/529 610/143/530 617/145/532
f 608/144/524 605/140/510 609/140/513 611/144/525
f 618/146/533 613/147/534 617/145/535 610/143/536
f 614/148/537 619/149/538 612/138/539 620/139/540
f 619/149/538 618/146/533 610/143/536 612/138/539
f 640/150/541 628/151/542 646/151/543 644/150/544
f 631/152/545 629/153/546 647/153/547 648/152/548
f 618/146/549 619/149/550 638/149/551 626/146/552
f 613/147/553 618/146/549 626/146/552 639/147/554
f 635/154/26 636/155/26 652/155/555 417/154/556
f 638/149/551 630/148/557 413/148/558 412/149/559
f 627/156/560 628/151/561 638/149/562 637/157/563
f 640/150/564 629/153/565 639/147/566 626/146/567
f 628/151/561 640/150/564 626/146/567 638/149/562
f 631/152/568 641/160/569 625/159/570 642/158/571
f 629/153/565 631/152/568 642/158/571 639/147/566
f 641/160/569 627/156/560 637/157/563 625/159/570
f 644/150/572 643/160/573 648/152/574 647/153/575
f 628/151/576 627/156/577 645/156/578 646/151/579
f 627/156/580 641/160/581 643/160/582 645/156/583
f 641/160/581 631/152/545 648/152/548 643/160/582
f 629/153/584 640/150/541 644/150/544 647/153/585
f 636/155/26 633/161/26 651/161/586 652/155/555
f 634/162/22 635/154/22 417/154/587 416/162/588
f 442/17/401 669/10/589 670/9/590 444/15/22
f 444/15/22 670/9/590 671/8/591 446/16/404
f 672/163/592 685/163/593 681/164/594 680/164/595
f 684/165/596 682/168/597 681/167/598 685/166/599
f 682/168/597 683/170/600 686/169/601 681/167/598
f 680/164/595 681/164/594 686/171/602 674/171/603
f 679/172/604 683/172/605 682/173/606 678/173/607
f 677/174/608 684/174/609 685/163/610 672/163/611
f 468/174/426 688/163/612 687/164/613 466/173/22
f 466/173/22 687/164/613 689/171/614 467/172/615
f 693/175/26 706/175/616 703/176/617 690/176/26
f 689/171/618 694/171/619 473/172/620 467/172/621
f 691/177/26 704/177/622 705/178/623 692/178/26
f 692/178/26 705/178/623 706/175/616 693/175/26
f 690/176/26 703/176/617 704/177/622 691/177/26
f 709/179/624 708/182/625 707/181/626 710/180/627
f 703/181/617 707/181/626 708/182/625 704/182/622
f 377/158/628 384/141/629 371/140/630 383/159/631
f 375/147/632 379/145/633 384/141/629 377/158/628
f 378/183/634 385/142/635 382/139/636 376/148/637
f 386/157/638 373/144/639 385/142/635 378/183/634
f 383/159/631 371/140/630 373/144/639 386/157/638
f 406/184/381 405/185/384 407/186/640 408/187/641
f 615/158/642 621/159/643 609/140/644 622/141/645
f 613/147/646 615/158/642 622/141/645 617/145/647
f 616/183/648 614/148/649 620/139/650 623/142/651
f 624/157/652 616/183/648 623/142/651 611/144/653
f 621/159/643 624/157/652 611/144/653 609/140/644
f 644/184/572 646/187/654 645/186/655 643/185/573
f 300/18/656 325/18/657 335/117/658 301/117/659
f 301/117/660 335/117/661 338/129/662 302/129/663
f 319/117/664 310/117/665 314/117/666 322/117/667
f 314/117/666 313/18/398 315/18/668 322/117/667
f 320/188/669 312/189/670 316/190/671 321/191/672
f 312/189/670 320/188/669 311/18/673 319/117/674
f 320/188/669 321/191/672 315/18/675 311/18/673
f 321/191/672 316/190/671 322/117/676 315/18/675
f 316/190/671 312/189/670 319/117/674 322/117/676
f 302/129/663 338/129/662 333/116/248 303/116/247
f 307/116/250 334/116/249 323/125/677 308/125/159
f 328/121/678 335/117/679 325/18/278 336/127/277
f 330/122/282 338/129/281 335/117/679 328/121/678
f 345/134/680 368/134/681 363/130/682 339/130/683
f 354/137/314 342/122/313 353/121/312 346/136/311
f 354/137/684 357/137/685 355/135/686 351/135/687
f 344/133/688 366/133/689 369/136/690 346/136/691
f 351/135/687 355/135/686 368/134/681 345/134/680
f 346/136/692 369/136/693 357/137/685 354/137/684
f 364/143/331 356/131/330 363/130/694 359/145/695
f 360/139/696 366/133/697 358/132/26 365/138/329
f 361/141/698 368/134/699 355/135/700 367/140/701
f 359/145/695 363/130/694 368/134/699 361/141/698
f 362/142/702 369/136/703 366/133/697 360/139/696
f 370/144/704 357/137/705 369/136/703 362/142/702
f 367/140/701 355/135/700 357/137/705 370/144/704
f 381/149/361 400/149/360 392/148/368 376/148/706
f 383/159/707 387/159/708 404/158/709 377/158/710
f 376/148/711 392/148/712 394/183/713 378/183/714
f 392/148/712 413/148/715 414/183/716 394/183/713
f 378/183/717 394/183/718 399/157/719 386/157/720
f 377/158/710 404/158/709 401/147/721 375/147/722
f 386/157/720 399/157/719 387/159/708 383/159/707
f 399/157/723 411/157/724 412/149/725 400/149/726
f 394/183/718 414/183/727 411/157/728 399/157/719
f 396/162/26 412/149/729 411/157/730 395/161/26
f 397/154/26 413/148/731 412/149/729 396/162/26
f 398/155/26 414/183/732 413/148/731 397/154/26
f 395/161/26 411/157/730 414/183/732 398/155/26
f 418/155/733 422/155/734 419/161/735 415/161/736
f 395/161/26 415/161/395 416/162/737 396/162/26
f 417/154/738 421/154/398 422/155/739 418/155/740
f 415/161/741 419/161/742 420/162/743 416/162/744
f 426/192/745 436/192/746 433/193/747 423/193/748
f 425/194/749 428/154/750 427/162/751 424/195/752
f 431/196/753 479/196/754 480/197/755 432/197/756
f 424/195/752 434/195/757 435/194/758 425/194/749
f 425/194/759 435/194/760 436/192/761 426/192/762
f 423/198/763 433/198/764 434/199/765 424/199/766
f 430/200/767 434/195/765 433/193/764 429/201/768
f 431/196/769 435/194/758 434/195/757 430/200/770
f 432/197/756 436/192/761 435/194/760 431/196/753
f 429/201/771 433/193/747 436/192/746 432/197/772
f 743/202/773 744/203/774 481/203/775 484/202/776
f 429/201/768 477/201/777 478/200/778 430/200/767
f 432/197/772 480/197/779 477/201/780 429/201/771
f 430/200/18 478/200/18 479/196/18 431/196/18
f 456/173/419 455/174/781 462/174/782 460/173/420
f 441/10/783 443/9/784 449/9/785 453/10/786
f 445/8/787 446/16/788 452/16/789 454/8/790
f 442/17/791 441/10/792 453/10/793 448/17/794
f 443/9/784 445/8/787 454/8/790 449/9/785
f 447/163/795 455/174/796 448/17/797 453/10/798
f 457/172/799 451/171/800 454/8/801 452/16/802
f 456/173/803 457/172/799 452/16/802 450/15/26
f 455/174/796 456/173/803 450/15/26 448/17/797
f 451/171/800 458/164/804 449/9/805 454/8/801
f 458/164/804 447/163/795 453/10/798 449/9/805
f 451/171/416 457/172/806 461/172/807 464/171/417
f 486/173/26 485/164/808 476/171/809 473/172/810
f 468/174/811 469/163/812 488/163/813 487/174/814
f 469/163/815 465/164/816 485/164/817 488/163/818
f 465/164/816 470/171/433 476/171/436 485/164/817
f 438/204/26 478/200/819 477/201/820 437/205/26
f 439/206/26 479/196/821 478/200/819 438/204/26
f 440/207/26 480/197/822 479/196/821 439/206/26
f 437/205/26 477/201/820 480/197/822 440/207/26
f 482/208/823 483/209/824 484/202/825 481/203/826
f 745/210/827 746/209/828 483/209/829 482/208/830
f 746/209/831 743/202/832 484/202/833 483/209/834
f 744/203/835 745/210/836 482/208/837 481/203/838
f 472/177/26 471/176/26 485/164/808 486/173/26
f 474/178/26 472/177/26 486/173/26 487/174/839
f 475/175/26 474/178/26 487/174/839 488/163/840
f 471/176/26 475/175/26 488/163/840 485/164/808
f 491/179/437 492/180/432 496/180/440 495/179/439
f 492/180/432 489/181/431 493/181/441 496/180/440
f 490/182/438 491/179/437 495/179/439 494/182/442
f 300/18/656 555/117/841 578/117/842 325/18/657
f 555/117/843 556/129/844 581/129/845 578/117/846
f 567/117/847 570/117/848 563/117/849 561/117/850
f 563/117/849 570/117/848 315/18/668 313/18/398
f 568/188/851 569/191/852 564/190/853 562/189/854
f 562/189/854 567/117/855 311/18/673 568/188/851
f 568/188/851 311/18/673 315/18/675 569/191/852
f 569/191/852 315/18/675 570/117/856 564/190/853
f 564/190/853 570/117/856 567/117/855 562/189/854
f 556/129/844 557/116/446 576/116/449 581/129/845
f 560/116/447 308/125/159 323/125/677 577/116/448
f 572/121/857 579/127/470 325/18/278 578/117/858
f 574/122/472 572/121/857 578/117/858 581/129/473
f 587/134/859 339/130/860 602/130/861 606/134/862
f 595/137/504 588/136/502 594/121/503 584/122/505
f 595/137/863 592/135/864 596/135/865 597/137/866
f 586/133/867 588/136/868 607/136/869 366/133/870
f 592/135/864 587/134/859 606/134/862 596/135/865
f 588/136/871 595/137/863 597/137/866 607/136/872
f 603/143/521 598/145/873 602/130/874 356/131/522
f 599/139/875 604/138/520 358/132/26 366/133/876
f 600/141/877 605/140/878 596/135/879 606/134/880
f 598/145/873 600/141/877 606/134/880 602/130/874
f 601/142/881 599/139/875 366/133/876 607/136/882
f 608/144/883 601/142/881 607/136/882 597/137/884
f 605/140/878 608/144/883 597/137/884 596/135/879
f 619/149/550 614/148/885 630/148/557 638/149/551
f 621/159/886 615/158/887 642/158/888 625/159/889
f 614/148/890 616/183/891 632/183/892 630/148/893
f 630/148/893 632/183/892 650/183/894 413/148/895
f 616/183/896 624/157/897 637/157/898 632/183/899
f 615/158/887 613/147/900 639/147/901 642/158/888
f 624/157/897 621/159/886 625/159/889 637/157/898
f 637/157/902 638/149/903 412/149/904 649/157/905
f 632/183/899 637/157/898 649/157/906 650/183/907
f 634/162/26 633/161/26 649/157/908 412/149/909
f 635/154/26 634/162/26 412/149/909 413/148/910
f 636/155/26 635/154/26 413/148/910 650/183/911
f 633/161/26 636/155/26 650/183/911 649/157/908
f 652/155/912 651/161/913 653/161/914 654/155/915
f 633/161/26 634/162/26 416/162/916 651/161/586
f 417/154/738 652/155/917 654/155/918 421/154/398
f 651/161/919 416/162/920 420/162/921 653/161/922
f 658/192/923 655/193/924 661/193/925 664/192/926
f 657/194/927 656/195/928 427/162/929 428/154/930
f 431/196/931 660/197/932 696/197/933 479/196/934
f 656/195/928 657/194/927 663/194/935 662/195/936
f 657/194/937 658/192/938 664/192/939 663/194/940
f 655/198/941 656/199/942 662/199/943 661/198/944
f 430/200/945 659/201/946 661/193/944 662/195/943
f 431/196/947 430/200/948 662/195/936 663/194/935
f 660/197/932 431/196/931 663/194/940 664/192/939
f 659/201/949 660/197/950 664/192/926 661/193/925
f 747/202/951 700/202/952 697/203/953 748/203/954
f 659/201/946 430/200/945 478/200/955 695/201/956
f 660/197/950 659/201/949 695/201/957 696/197/958
f 678/173/607 682/173/606 684/174/959 677/174/960
f 669/10/961 675/10/962 673/9/963 670/9/964
f 671/8/965 676/8/966 452/16/789 446/16/788
f 442/17/791 448/17/794 675/10/967 669/10/968
f 670/9/964 673/9/963 676/8/966 671/8/965
f 672/163/969 675/10/970 448/17/797 677/174/971
f 679/172/972 452/16/802 676/8/973 674/171/974
f 678/173/975 450/15/26 452/16/802 679/172/972
f 677/174/971 448/17/797 450/15/26 678/173/975
f 674/171/974 676/8/973 673/9/976 680/164/977
f 680/164/977 673/9/976 675/10/970 672/163/969
f 674/171/603 686/171/602 683/172/978 679/172/979
f 486/173/26 473/172/980 694/171/981 701/164/982
f 468/174/983 487/174/984 702/163/985 688/163/986
f 688/163/987 702/163/988 701/164/989 687/164/990
f 687/164/990 701/164/989 694/171/619 689/171/618
f 666/204/26 665/205/26 695/201/991 478/200/992
f 667/206/26 666/204/26 478/200/992 479/196/993
f 668/207/26 667/206/26 479/196/993 696/197/994
f 665/205/26 668/207/26 696/197/994 695/201/991
f 698/208/995 697/203/996 700/202/997 699/209/998
f 749/210/999 698/208/1000 699/209/1001 750/209/1002
f 750/209/1003 699/209/1004 700/202/1005 747/202/1006
f 748/203/1007 697/203/1008 698/208/1009 749/210/1010
f 691/177/26 486/173/26 701/164/982 690/176/26
f 692/178/26 487/174/839 486/173/26 691/177/26
f 693/175/26 702/163/1011 487/174/839 692/178/26
f 690/176/26 701/164/982 702/163/1011 693/175/26
f 705/179/623 709/179/624 710/180/627 706/180/616
f 706/180/616 710/180/627 707/181/626 703/181/617
f 704/182/622 708/182/625 709/179/624 705/179/623
f 711/211/1012 712/212/1013 250/213/1013 214/214/1012
f 713/215/1014 714/216/1015 253/217/1015 252/218/1016
f 715/219/1017 716/220/1018 255/221/1019 254/222/1020
f 716/220/1018 717/223/1021 256/224/1022 255/221/1019
f 717/223/1021 718/225/1023 257/226/1023 256/224/1022
f 718/225/1023 719/227/1024 258/228/1025 257/226/1023
f 719/227/1024 720/229/1026 259/230/1027 258/228/1025
f 720/229/1026 721/231/1028 260/232/1028 259/230/1027
f 721/231/1028 722/233/1029 261/234/1029 260/232/1028
f 722/233/1029 713/215/1014 252/218/1016 261/234/1029
f 207/10/1030 282/10/1031 284/9/1032 206/9/1032
f 206/9/1032 284/9/1032 286/8/1033 205/8/1033
f 205/8/1033 286/8/1033 291/7/1034 246/7/1034
f 212/6/1035 272/6/1035 274/14/1036 211/14/1036
f 714/216/1015 723/235/1037 216/236/1037 253/217/1015
f 712/237/1013 715/219/1017 254/222/1020 250/238/1013
f 208/11/1038 280/11/1039 282/10/1031 207/10/1030
f 246/7/1034 291/7/1034 292/5/1040 195/5/1040
f 209/12/1041 278/12/1041 280/11/1039 208/11/1038
f 210/13/1042 276/13/1043 278/12/1041 209/12/1041
f 195/5/1040 292/5/1040 290/4/1044 251/4/1044
f 211/14/1036 274/14/1036 276/13/1043 210/13/1042
f 193/3/130 293/3/130 272/6/1035 212/6/1035
f 711/211/1012 214/214/1012 530/213/1045 724/212/1045
f 725/215/1046 531/218/1046 532/217/1047 726/216/1047
f 727/219/1048 533/222/1049 534/221/1050 728/220/1051
f 728/220/1051 534/221/1050 535/224/1052 729/223/1053
f 729/223/1053 535/224/1052 536/226/1054 730/225/1054
f 730/225/1054 536/226/1054 537/228/1055 731/227/1056
f 731/227/1056 537/228/1055 538/230/1057 732/229/1058
f 732/229/1058 538/230/1057 539/232/1059 733/231/1059
f 733/231/1059 539/232/1059 540/234/1060 734/233/1061
f 734/233/1061 540/234/1060 531/218/1046 725/215/1046
f 511/10/1062 510/9/1063 547/9/1063 546/10/1064
f 510/9/1063 509/8/1065 548/8/1065 547/9/1063
f 509/8/1065 528/7/1066 549/7/1067 548/8/1065
f 516/6/1068 515/14/1069 542/14/1069 541/6/1068
f 726/216/1047 532/217/1047 216/236/1037 723/235/1037
f 724/239/1045 530/238/1045 533/222/1049 727/219/1048
f 512/11/1070 511/10/1062 546/10/1064 545/11/1071
f 528/7/1066 499/5/1072 550/5/1072 549/7/1067
f 513/12/1073 512/11/1070 545/11/1071 544/12/1073
f 514/13/1074 513/12/1073 544/12/1073 543/13/1075
f 499/5/1072 251/4/1044 290/4/1044 550/5/1072
f 515/14/1069 514/13/1074 543/13/1075 542/14/1069
f 497/3/163 516/6/1068 541/6/1068 551/3/163
f 517/79/240 529/71/238 727/219/1076 724/239/1077
f 518/47/228 243/48/201 723/235/1078 726/216/1079
f 525/82/230 738/81/229 737/240/1080 725/240/1081 734/241/1082
f 524/84/231 525/82/230 734/241/1082 733/242/1083 735/243/1084
f 523/56/233 736/85/232 735/231/1084 733/231/1083 732/229/1085
f 522/59/234 523/56/233 732/229/1085 731/227/1086
f 521/61/235 522/59/234 731/227/1086 730/225/1087
f 520/89/236 521/88/235 730/244/1087 729/245/1088
f 519/67/237 520/68/236 729/223/1088 728/220/1089
f 529/71/238 519/67/237 728/220/1089 727/219/1076
f 526/73/239 518/47/228 726/216/1079 725/215/1081 737/215/1080
f 244/75/213 517/76/240 724/212/1077 711/211/1090
f 233/79/214 712/237/1091 715/219/1092 249/71/211
f 234/47/200 714/216/1093 723/235/1078 243/48/201
f 241/51/202 722/246/1094 713/247/1095 740/248/1096 739/52/203
f 240/54/204 742/249/1097 721/250/1098 722/246/1094 241/51/202
f 239/56/205 720/229/1099 721/231/1098 742/251/1097 741/57/206
f 238/59/207 719/227/1100 720/229/1099 239/56/205
f 237/61/208 718/225/1101 719/227/1100 238/59/207
f 236/63/209 717/252/1102 718/253/1101 237/64/208
f 235/67/210 716/220/1103 717/223/1102 236/68/209
f 249/71/211 715/219/1092 716/220/1103 235/67/210
f 242/73/212 740/254/1096 713/215/1095 714/216/1093 234/47/200
f 244/75/213 711/211/1090 712/212/1091 233/76/214
f 427/118/1104 656/118/1105 655/118/1106 658/118/1107 657/118/1108 428/118/1109
f 424/118/1110 427/118/1111 428/118/1112 425/118/1113 426/118/1114 423/118/1115
f 735/243/1084 736/255/232 524/84/231
f 736/255/232 504/256/220 503/83/221 524/84/231
f 737/215/1080 738/257/229 526/73/239
f 738/257/229 502/258/222 501/72/223 526/73/239
f 739/259/203 242/73/212 197/72/193 198/258/192
f 739/259/203 740/254/1096 242/73/212
f 741/260/206 240/54/204 199/53/191 200/261/190
f 741/260/206 742/249/1097 240/54/204
f 437/205/1116 438/204/1117 745/262/836 744/205/835
f 439/206/1118 440/207/1119 743/263/832 746/206/831
f 438/204/1120 439/206/1121 746/206/828 745/262/827
f 440/207/1122 437/205/1123 744/205/774 743/263/773
f 665/205/1124 748/205/1007 749/264/1010 666/204/1125
f 667/206/1126 750/206/1003 747/265/1006 668/207/1127
f 666/204/1128 749/264/999 750/206/1002 667/206/1129
f 668/207/1130 747/265/951 748/205/954 665/205/1131
f 770/266/18 773/266/18 779/266/18 778/267/18
f 773/266/18 768/266/18 776/266/18 779/266/18
f 763/268/22 754/267/1132 753/269/1133 764/270/1134
f 765/268/26 766/270/1135 757/269/1136 758/267/1137
f 771/271/1138 762/267/1139 761/269/1140 772/272/1141
f 756/273/1142 755/274/1143 766/270/1135 765/268/26
f 752/273/1144 763/268/22 764/270/1134 751/274/1145
f 761/269/1146 762/267/1147 770/267/1148 769/269/1149
f 760/273/1150 771/271/1138 772/272/1141 759/274/1151
f 769/269/1149 770/267/1148 778/267/1152 903/269/1153
f 794/268/1154 795/270/1135 787/269/1136 788/267/1155
f 800/271/1156 792/267/1157 791/269/1140 801/272/1141
f 786/273/1158 785/274/1143 795/270/1135 794/268/1154
f 791/269/1146 792/267/1159 799/267/1148 798/269/1149
f 790/273/1160 800/271/1156 801/272/1141 789/274/1151
f 798/269/1149 799/267/1148 806/267/1161 904/269/1162
f 886/271/1163 815/272/1164 811/269/1165 812/267/1166
f 811/269/1167 814/269/1168 885/267/1169 812/267/1170
f 810/273/1171 809/274/1172 815/272/1164 886/271/1163
f 814/269/1168 895/269/1173 899/267/1174 885/267/1169
f 763/268/22 826/270/1175 821/269/1176 754/267/1132
f 765/268/26 758/267/1137 823/269/1177 827/270/1178
f 771/271/1138 830/272/1179 825/269/1180 762/267/1139
f 756/273/1142 765/268/26 827/270/1178 822/274/1181
f 752/273/1144 820/274/1182 826/270/1175 763/268/22
f 825/269/1183 829/269/1184 770/267/1148 762/267/1147
f 760/273/1150 824/274/1185 830/272/1179 771/271/1138
f 829/269/1184 905/269/1186 778/267/1187 770/267/1148
f 848/268/1188 842/267/1189 841/269/1177 849/270/1178
f 854/271/1190 855/272/1179 845/269/1180 846/267/1191
f 840/273/1192 848/268/1188 849/270/1178 839/274/1181
f 845/269/1183 852/269/1184 853/267/1148 846/267/1193
f 844/273/1194 843/274/1185 855/272/1179 854/271/1190
f 852/269/1184 907/269/1195 860/267/1196 853/267/1148
f 752/273/1144 751/274/1145 755/274/1197 756/273/1198
f 764/270/1134 753/269/1133 757/269/1136 766/270/1135
f 753/269/1133 754/267/1132 758/267/1137 757/269/1136
f 751/274/1145 764/270/1134 766/270/1135 755/274/1197
f 774/272/1199 769/269/1200 903/269/1201 908/272/1202
f 760/273/1150 759/274/1151 767/274/1203 768/273/1204
f 772/272/1141 761/269/1140 769/269/1200 774/272/1199
f 759/274/1151 772/272/1141 774/272/1199 767/274/1203
f 779/275/1205 780/276/1206 777/277/1207 778/278/1208
f 776/279/1209 775/280/1210 780/276/1206 779/275/1205
f 768/273/1204 767/274/1203 910/274/1211 776/273/1209
f 767/274/1203 774/272/1199 908/272/1202 910/274/1211
f 782/273/1212 781/274/1213 785/274/1197 786/273/1214
f 793/270/1215 783/269/1216 787/269/1136 795/270/1135
f 783/269/1216 784/267/1217 788/267/1155 787/269/1136
f 781/274/1213 793/270/1215 795/270/1135 785/274/1197
f 802/272/1199 798/269/1200 904/269/1218 911/272/1219
f 790/273/1160 789/274/1151 796/274/1203 797/273/1204
f 801/272/1141 791/269/1140 798/269/1200 802/272/1199
f 789/274/1151 801/272/1141 802/272/1199 796/274/1203
f 912/281/1220 808/282/1221 805/283/1222 906/284/1223
f 913/285/1224 803/286/1225 808/282/1221 912/281/1220
f 797/273/1204 796/274/1203 914/274/1226 804/273/1227
f 796/274/1203 802/272/1199 911/272/1219 914/274/1226
f 816/272/1228 896/272/1229 895/269/1230 814/269/1231
f 810/273/1171 883/273/1232 813/274/1233 809/274/1172
f 815/272/1164 816/272/1228 814/269/1231 811/269/1165
f 809/274/1172 813/274/1233 816/272/1228 815/272/1164
f 893/287/1234 892/288/1235 818/289/1236 819/290/1237
f 890/291/1238 893/287/1234 819/290/1237 817/292/1239
f 883/273/1232 902/273/1240 897/274/1241 813/274/1233
f 813/274/1233 897/274/1241 896/272/1229 816/272/1228
f 752/273/1144 756/273/1198 822/274/1242 820/274/1182
f 826/270/1175 827/270/1178 823/269/1177 821/269/1176
f 821/269/1176 823/269/1177 758/267/1137 754/267/1132
f 820/274/1182 822/274/1242 827/270/1178 826/270/1175
f 831/272/1243 915/272/1244 905/269/1245 829/269/1246
f 760/273/1150 768/273/1204 828/274/1247 824/274/1185
f 830/272/1179 831/272/1243 829/269/1246 825/269/1180
f 824/274/1185 828/274/1247 831/272/1243 830/272/1179
f 779/275/1248 778/278/1249 833/293/1207 834/276/1206
f 776/279/1250 779/275/1248 834/276/1206 832/294/1251
f 768/273/1204 776/273/1250 916/274/1252 828/274/1247
f 828/274/1247 916/274/1252 915/272/1244 831/272/1243
f 836/273/1253 840/273/1254 839/274/1242 835/274/1255
f 847/270/1256 849/270/1178 841/269/1177 837/269/1257
f 837/269/1257 841/269/1177 842/267/1189 838/267/1258
f 835/274/1255 839/274/1242 849/270/1178 847/270/1256
f 856/272/1243 917/272/1259 907/269/1260 852/269/1246
f 844/273/1194 851/273/1204 850/274/1247 843/274/1185
f 855/272/1179 856/272/1243 852/269/1246 845/269/1180
f 843/274/1185 850/274/1247 856/272/1243 855/272/1179
f 918/281/1261 909/284/1262 859/283/1222 862/282/1221
f 920/295/1263 918/281/1261 862/282/1221 857/296/1225
f 851/273/1204 858/273/1264 919/274/1265 850/274/1247
f 850/274/1247 919/274/1265 917/272/1259 856/272/1243
f 880/268/26 876/267/1266 867/269/1267 869/270/1268
f 874/273/1269 880/268/26 869/270/1268 866/274/1270
f 880/268/26 881/270/1271 875/269/1272 876/267/1266
f 886/271/1163 812/267/1166 878/269/1273 887/272/1274
f 874/273/1269 873/274/1275 881/270/1271 880/268/26
f 878/269/1276 812/267/1170 885/267/1169 884/269/1277
f 810/273/1171 886/271/1163 887/272/1274 877/274/1278
f 884/269/1277 885/267/1169 899/267/1174 898/269/1279
f 871/273/398 874/273/1280 866/274/1281 863/274/1282
f 868/270/1283 869/270/1268 867/269/1267 864/269/1284
f 864/269/1284 867/269/1267 876/267/1266 865/267/159
f 863/274/1282 866/274/1281 869/270/1268 868/270/1283
f 871/273/398 870/274/1285 873/274/1286 874/273/1280
f 879/270/1287 872/269/1288 875/269/1272 881/270/1271
f 872/269/1288 865/267/159 876/267/1266 875/269/1272
f 870/274/1285 879/270/1287 881/270/1271 873/274/1286
f 888/272/1289 884/269/1290 898/269/1291 900/272/1292
f 810/273/1171 877/274/1278 882/274/1293 883/273/1232
f 887/272/1274 878/269/1273 884/269/1290 888/272/1289
f 877/274/1278 887/272/1274 888/272/1289 882/274/1293
f 893/287/1234 894/297/1237 891/289/1236 892/288/1235
f 890/291/1238 889/298/1294 894/297/1237 893/287/1234
f 883/273/1232 882/274/1293 901/274/1295 902/273/1240
f 882/274/1293 888/272/1289 900/272/1292 901/274/1295
f 819/299/1237 818/300/1236 895/269/1230 896/272/1229
f 817/301/1239 819/299/1237 896/272/1229 897/274/1241
f 892/302/1235 891/300/1236 898/269/1291 899/267/1296
f 891/300/1236 894/303/1237 900/272/1292 898/269/1291
f 889/304/1294 890/305/1238 902/273/1240 901/274/1295
f 894/303/1237 889/304/1294 901/274/1295 900/272/1292
f 818/300/1236 892/302/1235 899/267/1296 895/269/1230
f 890/305/1238 817/301/1239 897/274/1241 902/273/1240
f 778/267/1208 777/306/1207 903/269/1201
f 906/307/1223 805/308/1222 904/269/1218 806/267/1297
f 833/269/1207 778/267/1249 905/267/1245
f 859/308/1222 909/307/1262 860/267/1298 907/269/1260
f 777/306/1207 780/309/1206 908/272/1202 903/269/1201
f 775/274/1210 776/273/1209 910/273/1211
f 780/309/1206 775/310/1210 910/274/1211 908/272/1202
f 805/308/1222 808/311/1221 911/272/1219 904/269/1218
f 912/312/1220 906/307/1223 806/267/1297 807/271/1299
f 913/313/1224 912/312/1220 807/271/1299 804/273/1227
f 803/314/1225 913/313/1224 804/273/1227 914/274/1226
f 808/311/1221 803/314/1225 914/274/1226 911/272/1219
f 834/309/1206 833/315/1207 905/269/1245 915/272/1244
f 776/273/1250 832/316/1251 916/274/1252
f 832/316/1251 834/309/1206 915/272/1244 916/274/1252
f 862/311/1221 859/308/1222 907/269/1260 917/272/1259
f 909/307/1262 918/312/1261 861/271/1299 860/267/1298
f 920/317/1263 857/318/1225 919/274/1265 858/273/1264
f 918/312/1261 920/317/1263 858/273/1264 861/271/1299
f 857/318/1225 862/311/1221 917/272/1259 919/274/1265
